{
  "type": "FeatureCollection",
  "metadata": {
    "source": "STAR via star-verkeersongevallen.nl (via.software API)",
    "lastUpdated": "2026-04-11",
    "dataRange": "20210101 - 20260410",
    "featureCount": 616,
    "locationCount": 3908,
    "note": "Dates are year-level from STAR. New locations detected via daily diff get exact first-seen date.",
    "filterNote": "Filtered to accidents within 250m school zones (616). Original: 5100 accidents."
  },
  "features": [
    {
      "type": "Feature",
      "geometry": {
        "type": "Point",
        "coordinates": [
          4.719105362892151,
          52.63379543005618
        ]
      },
      "properties": {
        "date": "2026-01-01",
        "severity": "materieel",
        "year": 2026,
        "count": 1,
        "description": "",
        "firstSeen": "2026-01-01",
        "starId": 86056,
        "area": "schoolzone"
      }
    },
    {
      "type": "Feature",
      "geometry": {
        "type": "Point",
        "coordinates": [
          4.72211480140686,
          52.63306614635246
        ]
      },
      "properties": {
        "date": "2026-01-01",
        "severity": "letsel",
        "year": 2026,
        "count": 1,
        "description": "",
        "firstSeen": "2026-01-01",
        "starId": 86419,
        "area": "schoolzone"
      }
    },
    {
      "type": "Feature",
      "geometry": {
        "type": "Point",
        "coordinates": [
          4.723842144012451,
          52.63108008892692
        ]
      },
      "properties": {
        "date": "2026-01-01",
        "severity": "materieel",
        "year": 2026,
        "count": 1,
        "description": "",
        "firstSeen": "2026-01-01",
        "starId": 86603,
        "area": "schoolzone"
      }
    },
    {
      "type": "Feature",
      "geometry": {
        "type": "Point",
        "coordinates": [
          4.72562313079834,
          52.64037471246189
        ]
      },
      "properties": {
        "date": "2026-01-01",
        "severity": "materieel",
        "year": 2026,
        "count": 2,
        "description": "",
        "firstSeen": "2026-01-01",
        "starId": 86823,
        "area": "schoolzone"
      }
    },
    {
      "type": "Feature",
      "geometry": {
        "type": "Point",
        "coordinates": [
          4.748995900154114,
          52.67605682624543
        ]
      },
      "properties": {
        "date": "2026-01-01",
        "severity": "letsel",
        "year": 2026,
        "count": 1,
        "description": "",
        "firstSeen": "2026-01-01",
        "starId": 90044,
        "area": "schoolzone"
      }
    },
    {
      "type": "Feature",
      "geometry": {
        "type": "Point",
        "coordinates": [
          4.748266339302063,
          52.6470669206289
        ]
      },
      "properties": {
        "date": "2026-01-01",
        "severity": "letsel",
        "year": 2026,
        "count": 1,
        "description": "",
        "firstSeen": "2026-01-01",
        "starId": 89867,
        "area": "schoolzone"
      }
    },
    {
      "type": "Feature",
      "geometry": {
        "type": "Point",
        "coordinates": [
          4.748765230178833,
          52.64729475015832
        ]
      },
      "properties": {
        "date": "2026-01-01",
        "severity": "letsel",
        "year": 2026,
        "count": 2,
        "description": "",
        "firstSeen": "2026-01-01",
        "starId": 89954,
        "area": "schoolzone"
      }
    },
    {
      "type": "Feature",
      "geometry": {
        "type": "Point",
        "coordinates": [
          4.731990694999695,
          52.636546413181065
        ]
      },
      "properties": {
        "date": "2026-01-01",
        "severity": "letsel",
        "year": 2026,
        "count": 1,
        "description": "",
        "firstSeen": "2026-01-01",
        "starId": 87606,
        "area": "schoolzone"
      }
    },
    {
      "type": "Feature",
      "geometry": {
        "type": "Point",
        "coordinates": [
          4.737955927848816,
          52.63185824347872
        ]
      },
      "properties": {
        "date": "2026-01-01",
        "severity": "materieel",
        "year": 2026,
        "count": 1,
        "description": "",
        "firstSeen": "2026-01-01",
        "starId": 88280,
        "area": "schoolzone"
      }
    },
    {
      "type": "Feature",
      "geometry": {
        "type": "Point",
        "coordinates": [
          4.739865660667419,
          52.63259731469529
        ]
      },
      "properties": {
        "date": "2026-01-01",
        "severity": "materieel",
        "year": 2026,
        "count": 1,
        "description": "",
        "firstSeen": "2026-01-01",
        "starId": 88554,
        "area": "schoolzone"
      }
    },
    {
      "type": "Feature",
      "geometry": {
        "type": "Point",
        "coordinates": [
          4.741550087928772,
          52.63427076021239
        ]
      },
      "properties": {
        "date": "2026-01-01",
        "severity": "materieel",
        "year": 2026,
        "count": 1,
        "description": "",
        "firstSeen": "2026-01-01",
        "starId": 88808,
        "area": "schoolzone"
      }
    },
    {
      "type": "Feature",
      "geometry": {
        "type": "Point",
        "coordinates": [
          4.746662378311157,
          52.62922743934365
        ]
      },
      "properties": {
        "date": "2026-01-01",
        "severity": "materieel",
        "year": 2026,
        "count": 1,
        "description": "",
        "firstSeen": "2026-03-27",
        "starId": 89585,
        "area": "schoolzone"
      }
    },
    {
      "type": "Feature",
      "geometry": {
        "type": "Point",
        "coordinates": [
          4.743218421936035,
          52.61747154325727
        ]
      },
      "properties": {
        "date": "2026-01-01",
        "severity": "letsel",
        "year": 2026,
        "count": 1,
        "description": "",
        "firstSeen": "2026-01-01",
        "starId": 88999,
        "area": "schoolzone"
      }
    },
    {
      "type": "Feature",
      "geometry": {
        "type": "Point",
        "coordinates": [
          4.747547507286072,
          52.620119337716375
        ]
      },
      "properties": {
        "date": "2026-01-01",
        "severity": "materieel",
        "year": 2026,
        "count": 3,
        "description": "",
        "firstSeen": "2026-01-01",
        "starId": 89702,
        "area": "schoolzone"
      }
    },
    {
      "type": "Feature",
      "geometry": {
        "type": "Point",
        "coordinates": [
          4.747826457023621,
          52.62032776738076
        ]
      },
      "properties": {
        "date": "2026-01-01",
        "severity": "letsel",
        "year": 2026,
        "count": 1,
        "description": "",
        "firstSeen": "2026-01-01",
        "starId": 89744,
        "area": "schoolzone"
      }
    },
    {
      "type": "Feature",
      "geometry": {
        "type": "Point",
        "coordinates": [
          4.749714732170105,
          52.62237944392166
        ]
      },
      "properties": {
        "date": "2026-01-01",
        "severity": "letsel",
        "year": 2026,
        "count": 2,
        "description": "",
        "firstSeen": "2026-01-01",
        "starId": 90030,
        "area": "schoolzone"
      }
    },
    {
      "type": "Feature",
      "geometry": {
        "type": "Point",
        "coordinates": [
          4.750181436538696,
          52.62293956747234
        ]
      },
      "properties": {
        "date": "2026-01-01",
        "severity": "materieel",
        "year": 2026,
        "count": 2,
        "description": "",
        "firstSeen": "2026-01-01",
        "starId": 90107,
        "area": "schoolzone"
      }
    },
    {
      "type": "Feature",
      "geometry": {
        "type": "Point",
        "coordinates": [
          4.7507017850875854,
          52.67278463030922
        ]
      },
      "properties": {
        "date": "2026-01-01",
        "severity": "materieel",
        "year": 2026,
        "count": 1,
        "description": "",
        "firstSeen": "2026-01-01",
        "starId": 90312,
        "area": "schoolzone"
      }
    },
    {
      "type": "Feature",
      "geometry": {
        "type": "Point",
        "coordinates": [
          4.753437638282776,
          52.67587143004337
        ]
      },
      "properties": {
        "date": "2026-01-01",
        "severity": "letsel",
        "year": 2026,
        "count": 1,
        "description": "",
        "firstSeen": "2026-01-01",
        "starId": 90752,
        "area": "schoolzone"
      }
    },
    {
      "type": "Feature",
      "geometry": {
        "type": "Point",
        "coordinates": [
          4.756377339363098,
          52.65737339158753
        ]
      },
      "properties": {
        "date": "2026-01-01",
        "severity": "letsel",
        "year": 2026,
        "count": 1,
        "description": "",
        "firstSeen": "2026-01-01",
        "starId": 91248,
        "area": "schoolzone"
      }
    },
    {
      "type": "Feature",
      "geometry": {
        "type": "Point",
        "coordinates": [
          4.756473898887634,
          52.65801441482637
        ]
      },
      "properties": {
        "date": "2026-01-01",
        "severity": "materieel",
        "year": 2026,
        "count": 1,
        "description": "",
        "firstSeen": "2026-01-01",
        "starId": 91259,
        "area": "schoolzone"
      }
    },
    {
      "type": "Feature",
      "geometry": {
        "type": "Point",
        "coordinates": [
          4.758512377738953,
          52.65385573127699
        ]
      },
      "properties": {
        "date": "2026-01-01",
        "severity": "materieel",
        "year": 2026,
        "count": 1,
        "description": "",
        "firstSeen": "2026-01-01",
        "starId": 91592,
        "area": "schoolzone"
      }
    },
    {
      "type": "Feature",
      "geometry": {
        "type": "Point",
        "coordinates": [
          4.768597483634949,
          52.65628981316536
        ]
      },
      "properties": {
        "date": "2026-01-01",
        "severity": "materieel",
        "year": 2026,
        "count": 1,
        "description": "",
        "firstSeen": "2026-01-01",
        "starId": 93084,
        "area": "schoolzone"
      }
    },
    {
      "type": "Feature",
      "geometry": {
        "type": "Point",
        "coordinates": [
          4.768838882446289,
          52.656172667943366
        ]
      },
      "properties": {
        "date": "2026-01-01",
        "severity": "letsel",
        "year": 2026,
        "count": 1,
        "description": "",
        "firstSeen": "2026-04-04",
        "starId": 93118,
        "area": "schoolzone"
      }
    },
    {
      "type": "Feature",
      "geometry": {
        "type": "Point",
        "coordinates": [
          4.752895832061768,
          52.641403348018656
        ]
      },
      "properties": {
        "date": "2026-01-01",
        "severity": "materieel",
        "year": 2026,
        "count": 1,
        "description": "",
        "firstSeen": "2026-01-01",
        "starId": 90586,
        "area": "schoolzone"
      }
    },
    {
      "type": "Feature",
      "geometry": {
        "type": "Point",
        "coordinates": [
          4.753276705741882,
          52.64781549891134
        ]
      },
      "properties": {
        "date": "2026-01-01",
        "severity": "materieel",
        "year": 2026,
        "count": 1,
        "description": "",
        "firstSeen": "2026-04-08",
        "starId": 90669,
        "area": "schoolzone"
      }
    },
    {
      "type": "Feature",
      "geometry": {
        "type": "Point",
        "coordinates": [
          4.758228063583374,
          52.6529705769901
        ]
      },
      "properties": {
        "date": "2026-01-01",
        "severity": "letsel",
        "year": 2026,
        "count": 1,
        "description": "",
        "firstSeen": "2026-03-23",
        "starId": 91543,
        "area": "schoolzone"
      }
    },
    {
      "type": "Feature",
      "geometry": {
        "type": "Point",
        "coordinates": [
          4.7628843784332275,
          52.642337562515195
        ]
      },
      "properties": {
        "date": "2026-01-01",
        "severity": "materieel",
        "year": 2026,
        "count": 1,
        "description": "",
        "firstSeen": "2026-01-01",
        "starId": 92165,
        "area": "schoolzone"
      }
    },
    {
      "type": "Feature",
      "geometry": {
        "type": "Point",
        "coordinates": [
          4.766129851341248,
          52.65206913306724
        ]
      },
      "properties": {
        "date": "2026-01-01",
        "severity": "materieel",
        "year": 2026,
        "count": 1,
        "description": "",
        "firstSeen": "2026-01-01",
        "starId": 92718,
        "area": "schoolzone"
      }
    },
    {
      "type": "Feature",
      "geometry": {
        "type": "Point",
        "coordinates": [
          4.773189425468445,
          52.656888550508626
        ]
      },
      "properties": {
        "date": "2026-01-01",
        "severity": "materieel",
        "year": 2026,
        "count": 1,
        "description": "",
        "firstSeen": "2026-01-01",
        "starId": 93794,
        "area": "schoolzone"
      }
    },
    {
      "type": "Feature",
      "geometry": {
        "type": "Point",
        "coordinates": [
          4.773940443992615,
          52.62956932258501
        ]
      },
      "properties": {
        "date": "2026-01-01",
        "severity": "materieel",
        "year": 2026,
        "count": 1,
        "description": "",
        "firstSeen": "2026-01-01",
        "starId": 93856,
        "area": "schoolzone"
      }
    },
    {
      "type": "Feature",
      "geometry": {
        "type": "Point",
        "coordinates": [
          4.774573445320129,
          52.63590833072834
        ]
      },
      "properties": {
        "date": "2026-01-01",
        "severity": "letsel",
        "year": 2026,
        "count": 1,
        "description": "",
        "firstSeen": "2026-01-01",
        "starId": 93963,
        "area": "schoolzone"
      }
    },
    {
      "type": "Feature",
      "geometry": {
        "type": "Point",
        "coordinates": [
          4.7748953104019165,
          52.63706077899553
        ]
      },
      "properties": {
        "date": "2026-01-01",
        "severity": "materieel",
        "year": 2026,
        "count": 1,
        "description": "",
        "firstSeen": "2026-01-01",
        "starId": 94014,
        "area": "schoolzone"
      }
    },
    {
      "type": "Feature",
      "geometry": {
        "type": "Point",
        "coordinates": [
          4.7750937938690186,
          52.63695334866051
        ]
      },
      "properties": {
        "date": "2026-01-01",
        "severity": "materieel",
        "year": 2026,
        "count": 1,
        "description": "",
        "firstSeen": "2026-04-01",
        "starId": 94049,
        "area": "schoolzone"
      }
    },
    {
      "type": "Feature",
      "geometry": {
        "type": "Point",
        "coordinates": [
          4.819951057434082,
          52.61201260795977
        ]
      },
      "properties": {
        "date": "2026-01-01",
        "severity": "letsel",
        "year": 2026,
        "count": 1,
        "description": "",
        "firstSeen": "2026-01-01",
        "starId": 100303,
        "area": "schoolzone"
      }
    },
    {
      "type": "Feature",
      "geometry": {
        "type": "Point",
        "coordinates": [
          4.848918914794922,
          52.55173672804355
        ]
      },
      "properties": {
        "date": "2026-01-01",
        "severity": "materieel",
        "year": 2026,
        "count": 1,
        "description": "",
        "firstSeen": "2026-01-01",
        "starId": 104476,
        "area": "schoolzone"
      }
    },
    {
      "type": "Feature",
      "geometry": {
        "type": "Point",
        "coordinates": [
          4.8889535665512085,
          52.599623251103
        ]
      },
      "properties": {
        "date": "2026-01-01",
        "severity": "materieel",
        "year": 2026,
        "count": 1,
        "description": "",
        "firstSeen": "2026-01-01",
        "starId": 110542,
        "area": "schoolzone"
      }
    },
    {
      "type": "Feature",
      "geometry": {
        "type": "Point",
        "coordinates": [
          4.72587525844574,
          52.64039424374204
        ]
      },
      "properties": {
        "date": "2025-01-01",
        "severity": "letsel",
        "year": 2025,
        "count": 2,
        "description": "",
        "firstSeen": "2025-01-01",
        "starId": 86854,
        "area": "schoolzone"
      }
    },
    {
      "type": "Feature",
      "geometry": {
        "type": "Point",
        "coordinates": [
          4.726486802101135,
          52.64104528142394
        ]
      },
      "properties": {
        "date": "2025-01-01",
        "severity": "materieel",
        "year": 2025,
        "count": 1,
        "description": "",
        "firstSeen": "2025-01-01",
        "starId": 86922,
        "area": "schoolzone"
      }
    },
    {
      "type": "Feature",
      "geometry": {
        "type": "Point",
        "coordinates": [
          4.721299409866333,
          52.63331358325726
        ]
      },
      "properties": {
        "date": "2025-01-01",
        "severity": "materieel",
        "year": 2025,
        "count": 1,
        "description": "",
        "firstSeen": "2025-01-01",
        "starId": 86323,
        "area": "schoolzone"
      }
    },
    {
      "type": "Feature",
      "geometry": {
        "type": "Point",
        "coordinates": [
          4.72161591053009,
          52.63193963959887
        ]
      },
      "properties": {
        "date": "2025-01-01",
        "severity": "letsel",
        "year": 2025,
        "count": 1,
        "description": "",
        "firstSeen": "2025-01-01",
        "starId": 86357,
        "area": "schoolzone"
      }
    },
    {
      "type": "Feature",
      "geometry": {
        "type": "Point",
        "coordinates": [
          4.722608327865601,
          52.63160428661064
        ]
      },
      "properties": {
        "date": "2025-01-01",
        "severity": "materieel",
        "year": 2025,
        "count": 1,
        "description": "",
        "firstSeen": "2025-01-01",
        "starId": 86479,
        "area": "schoolzone"
      }
    },
    {
      "type": "Feature",
      "geometry": {
        "type": "Point",
        "coordinates": [
          4.7233593463897705,
          52.634996768223175
        ]
      },
      "properties": {
        "date": "2025-01-01",
        "severity": "materieel",
        "year": 2025,
        "count": 1,
        "description": "",
        "firstSeen": "2025-01-01",
        "starId": 86548,
        "area": "schoolzone"
      }
    },
    {
      "type": "Feature",
      "geometry": {
        "type": "Point",
        "coordinates": [
          4.723740220069885,
          52.6380439170797
        ]
      },
      "properties": {
        "date": "2025-01-01",
        "severity": "materieel",
        "year": 2025,
        "count": 1,
        "description": "",
        "firstSeen": "2025-01-01",
        "starId": 86604,
        "area": "schoolzone"
      }
    },
    {
      "type": "Feature",
      "geometry": {
        "type": "Point",
        "coordinates": [
          4.724464416503906,
          52.63883171377054
        ]
      },
      "properties": {
        "date": "2025-01-01",
        "severity": "materieel",
        "year": 2025,
        "count": 1,
        "description": "",
        "firstSeen": "2025-01-01",
        "starId": 86702,
        "area": "schoolzone"
      }
    },
    {
      "type": "Feature",
      "geometry": {
        "type": "Point",
        "coordinates": [
          4.724888205528259,
          52.632265222565366
        ]
      },
      "properties": {
        "date": "2025-01-01",
        "severity": "letsel",
        "year": 2025,
        "count": 2,
        "description": "",
        "firstSeen": "2025-01-01",
        "starId": 86736,
        "area": "schoolzone"
      }
    },
    {
      "type": "Feature",
      "geometry": {
        "type": "Point",
        "coordinates": [
          4.725193977355957,
          52.63962600681427
        ]
      },
      "properties": {
        "date": "2025-01-01",
        "severity": "materieel",
        "year": 2025,
        "count": 1,
        "description": "",
        "firstSeen": "2025-01-01",
        "starId": 86784,
        "area": "schoolzone"
      }
    },
    {
      "type": "Feature",
      "geometry": {
        "type": "Point",
        "coordinates": [
          4.72562313079834,
          52.64037471246189
        ]
      },
      "properties": {
        "date": "2025-01-01",
        "severity": "materieel",
        "year": 2025,
        "count": 3,
        "description": "",
        "firstSeen": "2025-01-01",
        "starId": 86823,
        "area": "schoolzone"
      }
    },
    {
      "type": "Feature",
      "geometry": {
        "type": "Point",
        "coordinates": [
          4.727522134780884,
          52.634120999213536
        ]
      },
      "properties": {
        "date": "2025-01-01",
        "severity": "materieel",
        "year": 2025,
        "count": 1,
        "description": "",
        "firstSeen": "2025-01-01",
        "starId": 87030,
        "area": "schoolzone"
      }
    },
    {
      "type": "Feature",
      "geometry": {
        "type": "Point",
        "coordinates": [
          4.721771478652954,
          52.62664857683524
        ]
      },
      "properties": {
        "date": "2025-01-01",
        "severity": "materieel",
        "year": 2025,
        "count": 1,
        "description": "",
        "firstSeen": "2025-01-01",
        "starId": 86368,
        "area": "schoolzone"
      }
    },
    {
      "type": "Feature",
      "geometry": {
        "type": "Point",
        "coordinates": [
          4.722914099693298,
          52.62625782683406
        ]
      },
      "properties": {
        "date": "2025-01-01",
        "severity": "materieel",
        "year": 2025,
        "count": 1,
        "description": "",
        "firstSeen": "2025-01-01",
        "starId": 86502,
        "area": "schoolzone"
      }
    },
    {
      "type": "Feature",
      "geometry": {
        "type": "Point",
        "coordinates": [
          4.723579287528992,
          52.62698071159312
        ]
      },
      "properties": {
        "date": "2025-01-01",
        "severity": "materieel",
        "year": 2025,
        "count": 1,
        "description": "",
        "firstSeen": "2025-01-01",
        "starId": 86558,
        "area": "schoolzone"
      }
    },
    {
      "type": "Feature",
      "geometry": {
        "type": "Point",
        "coordinates": [
          4.748995900154114,
          52.67605682624543
        ]
      },
      "properties": {
        "date": "2025-01-01",
        "severity": "letsel",
        "year": 2025,
        "count": 1,
        "description": "",
        "firstSeen": "2025-01-01",
        "starId": 90044,
        "area": "schoolzone"
      }
    },
    {
      "type": "Feature",
      "geometry": {
        "type": "Point",
        "coordinates": [
          4.749473333358765,
          52.67495419515265
        ]
      },
      "properties": {
        "date": "2025-01-01",
        "severity": "letsel",
        "year": 2025,
        "count": 1,
        "description": "",
        "firstSeen": "2025-01-01",
        "starId": 90116,
        "area": "schoolzone"
      }
    },
    {
      "type": "Feature",
      "geometry": {
        "type": "Point",
        "coordinates": [
          4.750320911407471,
          52.659013351084866
        ]
      },
      "properties": {
        "date": "2025-01-01",
        "severity": "materieel",
        "year": 2025,
        "count": 1,
        "description": "",
        "firstSeen": "2025-01-01",
        "starId": 90227,
        "area": "schoolzone"
      }
    },
    {
      "type": "Feature",
      "geometry": {
        "type": "Point",
        "coordinates": [
          4.734984040260315,
          52.64072301898253
        ]
      },
      "properties": {
        "date": "2025-01-01",
        "severity": "materieel",
        "year": 2025,
        "count": 1,
        "description": "",
        "firstSeen": "2025-01-01",
        "starId": 87951,
        "area": "schoolzone"
      }
    },
    {
      "type": "Feature",
      "geometry": {
        "type": "Point",
        "coordinates": [
          4.737312197685242,
          52.64749328635182
        ]
      },
      "properties": {
        "date": "2025-01-01",
        "severity": "letsel",
        "year": 2025,
        "count": 2,
        "description": "",
        "firstSeen": "2025-01-01",
        "starId": 88236,
        "area": "schoolzone"
      }
    },
    {
      "type": "Feature",
      "geometry": {
        "type": "Point",
        "coordinates": [
          4.738835692405701,
          52.6503866049828
        ]
      },
      "properties": {
        "date": "2025-01-01",
        "severity": "materieel",
        "year": 2025,
        "count": 1,
        "description": "",
        "firstSeen": "2025-01-01",
        "starId": 88429,
        "area": "schoolzone"
      }
    },
    {
      "type": "Feature",
      "geometry": {
        "type": "Point",
        "coordinates": [
          4.749221205711365,
          52.65357261402414
        ]
      },
      "properties": {
        "date": "2025-01-01",
        "severity": "materieel",
        "year": 2025,
        "count": 1,
        "description": "",
        "firstSeen": "2025-01-01",
        "starId": 90022,
        "area": "schoolzone"
      }
    },
    {
      "type": "Feature",
      "geometry": {
        "type": "Point",
        "coordinates": [
          4.729898571968079,
          52.635006535064974
        ]
      },
      "properties": {
        "date": "2025-01-01",
        "severity": "letsel",
        "year": 2025,
        "count": 1,
        "description": "",
        "firstSeen": "2025-01-01",
        "starId": 87370,
        "area": "schoolzone"
      }
    },
    {
      "type": "Feature",
      "geometry": {
        "type": "Point",
        "coordinates": [
          4.730461835861206,
          52.63705752353471
        ]
      },
      "properties": {
        "date": "2025-01-01",
        "severity": "letsel",
        "year": 2025,
        "count": 1,
        "description": "",
        "firstSeen": "2025-01-01",
        "starId": 87440,
        "area": "schoolzone"
      }
    },
    {
      "type": "Feature",
      "geometry": {
        "type": "Point",
        "coordinates": [
          4.731234312057495,
          52.6358236864385
        ]
      },
      "properties": {
        "date": "2025-01-01",
        "severity": "materieel",
        "year": 2025,
        "count": 2,
        "description": "",
        "firstSeen": "2025-01-01",
        "starId": 87526,
        "area": "schoolzone"
      }
    },
    {
      "type": "Feature",
      "geometry": {
        "type": "Point",
        "coordinates": [
          4.731990694999695,
          52.636546413181065
        ]
      },
      "properties": {
        "date": "2025-01-01",
        "severity": "materieel",
        "year": 2025,
        "count": 1,
        "description": "",
        "firstSeen": "2025-01-01",
        "starId": 87606,
        "area": "schoolzone"
      }
    },
    {
      "type": "Feature",
      "geometry": {
        "type": "Point",
        "coordinates": [
          4.737376570701599,
          52.63594739726838
        ]
      },
      "properties": {
        "date": "2025-01-01",
        "severity": "letsel",
        "year": 2025,
        "count": 2,
        "description": "",
        "firstSeen": "2025-01-01",
        "starId": 88225,
        "area": "schoolzone"
      }
    },
    {
      "type": "Feature",
      "geometry": {
        "type": "Point",
        "coordinates": [
          4.737489223480225,
          52.63524419420975
        ]
      },
      "properties": {
        "date": "2025-01-01",
        "severity": "materieel",
        "year": 2025,
        "count": 1,
        "description": "",
        "firstSeen": "2025-01-01",
        "starId": 88235,
        "area": "schoolzone"
      }
    },
    {
      "type": "Feature",
      "geometry": {
        "type": "Point",
        "coordinates": [
          4.738696217536926,
          52.63457679196381
        ]
      },
      "properties": {
        "date": "2025-01-01",
        "severity": "letsel",
        "year": 2025,
        "count": 1,
        "description": "",
        "firstSeen": "2025-01-01",
        "starId": 88374,
        "area": "schoolzone"
      }
    },
    {
      "type": "Feature",
      "geometry": {
        "type": "Point",
        "coordinates": [
          4.7390663623809814,
          52.63149684287657
        ]
      },
      "properties": {
        "date": "2025-01-01",
        "severity": "letsel",
        "year": 2025,
        "count": 1,
        "description": "",
        "firstSeen": "2025-01-01",
        "starId": 88427,
        "area": "schoolzone"
      }
    },
    {
      "type": "Feature",
      "geometry": {
        "type": "Point",
        "coordinates": [
          4.73909854888916,
          52.633528461539385
        ]
      },
      "properties": {
        "date": "2025-01-01",
        "severity": "letsel",
        "year": 2025,
        "count": 3,
        "description": "",
        "firstSeen": "2025-01-01",
        "starId": 88432,
        "area": "schoolzone"
      }
    },
    {
      "type": "Feature",
      "geometry": {
        "type": "Point",
        "coordinates": [
          4.739173650741577,
          52.634186112754264
        ]
      },
      "properties": {
        "date": "2025-01-01",
        "severity": "letsel",
        "year": 2025,
        "count": 3,
        "description": "",
        "firstSeen": "2025-01-01",
        "starId": 88447,
        "area": "schoolzone"
      }
    },
    {
      "type": "Feature",
      "geometry": {
        "type": "Point",
        "coordinates": [
          4.739173650741577,
          52.634446565948224
        ]
      },
      "properties": {
        "date": "2025-01-01",
        "severity": "dodelijk",
        "year": 2025,
        "count": 1,
        "description": "",
        "firstSeen": "2025-01-01",
        "starId": 88448,
        "area": "schoolzone"
      }
    },
    {
      "type": "Feature",
      "geometry": {
        "type": "Point",
        "coordinates": [
          4.739307761192322,
          52.63431959520989
        ]
      },
      "properties": {
        "date": "2025-01-01",
        "severity": "letsel",
        "year": 2025,
        "count": 1,
        "description": "",
        "firstSeen": "2025-01-01",
        "starId": 88468,
        "area": "schoolzone"
      }
    },
    {
      "type": "Feature",
      "geometry": {
        "type": "Point",
        "coordinates": [
          4.7394150495529175,
          52.634850265334734
        ]
      },
      "properties": {
        "date": "2025-01-01",
        "severity": "letsel",
        "year": 2025,
        "count": 1,
        "description": "",
        "firstSeen": "2025-01-01",
        "starId": 88491,
        "area": "schoolzone"
      }
    },
    {
      "type": "Feature",
      "geometry": {
        "type": "Point",
        "coordinates": [
          4.739431142807007,
          52.63482422032544
        ]
      },
      "properties": {
        "date": "2025-01-01",
        "severity": "letsel",
        "year": 2025,
        "count": 1,
        "description": "",
        "firstSeen": "2025-01-01",
        "starId": 88492,
        "area": "schoolzone"
      }
    },
    {
      "type": "Feature",
      "geometry": {
        "type": "Point",
        "coordinates": [
          4.739586710929871,
          52.634169834378184
        ]
      },
      "properties": {
        "date": "2025-01-01",
        "severity": "materieel",
        "year": 2025,
        "count": 1,
        "description": "",
        "firstSeen": "2025-01-01",
        "starId": 88514,
        "area": "schoolzone"
      }
    },
    {
      "type": "Feature",
      "geometry": {
        "type": "Point",
        "coordinates": [
          4.739865660667419,
          52.63259731469529
        ]
      },
      "properties": {
        "date": "2025-01-01",
        "severity": "materieel",
        "year": 2025,
        "count": 1,
        "description": "",
        "firstSeen": "2025-01-01",
        "starId": 88554,
        "area": "schoolzone"
      }
    },
    {
      "type": "Feature",
      "geometry": {
        "type": "Point",
        "coordinates": [
          4.740251898765564,
          52.632213129453504
        ]
      },
      "properties": {
        "date": "2025-01-01",
        "severity": "materieel",
        "year": 2025,
        "count": 1,
        "description": "",
        "firstSeen": "2025-01-01",
        "starId": 88608,
        "area": "schoolzone"
      }
    },
    {
      "type": "Feature",
      "geometry": {
        "type": "Point",
        "coordinates": [
          4.740455746650696,
          52.63462237097764
        ]
      },
      "properties": {
        "date": "2025-01-01",
        "severity": "letsel",
        "year": 2025,
        "count": 1,
        "description": "",
        "firstSeen": "2025-01-01",
        "starId": 88644,
        "area": "schoolzone"
      }
    },
    {
      "type": "Feature",
      "geometry": {
        "type": "Point",
        "coordinates": [
          4.740745425224304,
          52.6279282586662
        ]
      },
      "properties": {
        "date": "2025-01-01",
        "severity": "materieel",
        "year": 2025,
        "count": 1,
        "description": "",
        "firstSeen": "2025-01-01",
        "starId": 88678,
        "area": "schoolzone"
      }
    },
    {
      "type": "Feature",
      "geometry": {
        "type": "Point",
        "coordinates": [
          4.7407883405685425,
          52.63085217493176
        ]
      },
      "properties": {
        "date": "2025-01-01",
        "severity": "materieel",
        "year": 2025,
        "count": 1,
        "description": "",
        "firstSeen": "2025-01-01",
        "starId": 88696,
        "area": "schoolzone"
      }
    },
    {
      "type": "Feature",
      "geometry": {
        "type": "Point",
        "coordinates": [
          4.741158485412598,
          52.630988923471335
        ]
      },
      "properties": {
        "date": "2025-01-01",
        "severity": "letsel",
        "year": 2025,
        "count": 1,
        "description": "",
        "firstSeen": "2025-01-01",
        "starId": 88744,
        "area": "schoolzone"
      }
    },
    {
      "type": "Feature",
      "geometry": {
        "type": "Point",
        "coordinates": [
          4.741378426551819,
          52.62917208656762
        ]
      },
      "properties": {
        "date": "2025-01-01",
        "severity": "letsel",
        "year": 2025,
        "count": 1,
        "description": "",
        "firstSeen": "2025-01-01",
        "starId": 88769,
        "area": "schoolzone"
      }
    },
    {
      "type": "Feature",
      "geometry": {
        "type": "Point",
        "coordinates": [
          4.741619825363159,
          52.62869670102003
        ]
      },
      "properties": {
        "date": "2025-01-01",
        "severity": "letsel",
        "year": 2025,
        "count": 1,
        "description": "",
        "firstSeen": "2025-01-01",
        "starId": 88806,
        "area": "schoolzone"
      }
    },
    {
      "type": "Feature",
      "geometry": {
        "type": "Point",
        "coordinates": [
          4.741550087928772,
          52.63427076021239
        ]
      },
      "properties": {
        "date": "2025-01-01",
        "severity": "letsel",
        "year": 2025,
        "count": 3,
        "description": "",
        "firstSeen": "2025-01-01",
        "starId": 88808,
        "area": "schoolzone"
      }
    },
    {
      "type": "Feature",
      "geometry": {
        "type": "Point",
        "coordinates": [
          4.741764664649963,
          52.62887904129266
        ]
      },
      "properties": {
        "date": "2025-01-01",
        "severity": "letsel",
        "year": 2025,
        "count": 1,
        "description": "",
        "firstSeen": "2025-01-01",
        "starId": 88827,
        "area": "schoolzone"
      }
    },
    {
      "type": "Feature",
      "geometry": {
        "type": "Point",
        "coordinates": [
          4.741791486740112,
          52.63402007303387
        ]
      },
      "properties": {
        "date": "2025-01-01",
        "severity": "materieel",
        "year": 2025,
        "count": 1,
        "description": "",
        "firstSeen": "2025-01-01",
        "starId": 88844,
        "area": "schoolzone"
      }
    },
    {
      "type": "Feature",
      "geometry": {
        "type": "Point",
        "coordinates": [
          4.74210798740387,
          52.63366194600138
        ]
      },
      "properties": {
        "date": "2025-01-01",
        "severity": "materieel",
        "year": 2025,
        "count": 1,
        "description": "",
        "firstSeen": "2025-01-01",
        "starId": 88887,
        "area": "schoolzone"
      }
    },
    {
      "type": "Feature",
      "geometry": {
        "type": "Point",
        "coordinates": [
          4.7446829080581665,
          52.627215158139876
        ]
      },
      "properties": {
        "date": "2025-01-01",
        "severity": "materieel",
        "year": 2025,
        "count": 1,
        "description": "",
        "firstSeen": "2025-01-01",
        "starId": 89258,
        "area": "schoolzone"
      }
    },
    {
      "type": "Feature",
      "geometry": {
        "type": "Point",
        "coordinates": [
          4.745879173278809,
          52.628299457081226
        ]
      },
      "properties": {
        "date": "2025-01-01",
        "severity": "materieel",
        "year": 2025,
        "count": 1,
        "description": "",
        "firstSeen": "2025-01-01",
        "starId": 89458,
        "area": "schoolzone"
      }
    },
    {
      "type": "Feature",
      "geometry": {
        "type": "Point",
        "coordinates": [
          4.739554524421692,
          52.61952009690313
        ]
      },
      "properties": {
        "date": "2025-01-01",
        "severity": "letsel",
        "year": 2025,
        "count": 1,
        "description": "",
        "firstSeen": "2025-01-01",
        "starId": 88478,
        "area": "schoolzone"
      }
    },
    {
      "type": "Feature",
      "geometry": {
        "type": "Point",
        "coordinates": [
          4.7410887479782104,
          52.61863750446278
        ]
      },
      "properties": {
        "date": "2025-01-01",
        "severity": "materieel",
        "year": 2025,
        "count": 1,
        "description": "",
        "firstSeen": "2025-01-01",
        "starId": 88710,
        "area": "schoolzone"
      }
    },
    {
      "type": "Feature",
      "geometry": {
        "type": "Point",
        "coordinates": [
          4.74185585975647,
          52.61947124538821
        ]
      },
      "properties": {
        "date": "2025-01-01",
        "severity": "materieel",
        "year": 2025,
        "count": 1,
        "description": "",
        "firstSeen": "2025-01-01",
        "starId": 88820,
        "area": "schoolzone"
      }
    },
    {
      "type": "Feature",
      "geometry": {
        "type": "Point",
        "coordinates": [
          4.744516611099243,
          52.61823365549347
        ]
      },
      "properties": {
        "date": "2025-01-01",
        "severity": "letsel",
        "year": 2025,
        "count": 1,
        "description": "",
        "firstSeen": "2025-01-01",
        "starId": 89196,
        "area": "schoolzone"
      }
    },
    {
      "type": "Feature",
      "geometry": {
        "type": "Point",
        "coordinates": [
          4.745691418647766,
          52.61890782064302
        ]
      },
      "properties": {
        "date": "2025-01-01",
        "severity": "materieel",
        "year": 2025,
        "count": 1,
        "description": "",
        "firstSeen": "2025-01-01",
        "starId": 89392,
        "area": "schoolzone"
      }
    },
    {
      "type": "Feature",
      "geometry": {
        "type": "Point",
        "coordinates": [
          4.745868444442749,
          52.618780804814435
        ]
      },
      "properties": {
        "date": "2025-01-01",
        "severity": "materieel",
        "year": 2025,
        "count": 1,
        "description": "",
        "firstSeen": "2025-01-01",
        "starId": 89423,
        "area": "schoolzone"
      }
    },
    {
      "type": "Feature",
      "geometry": {
        "type": "Point",
        "coordinates": [
          4.74635124206543,
          52.621363387559114
        ]
      },
      "properties": {
        "date": "2025-01-01",
        "severity": "materieel",
        "year": 2025,
        "count": 2,
        "description": "",
        "firstSeen": "2025-01-01",
        "starId": 89519,
        "area": "schoolzone"
      }
    },
    {
      "type": "Feature",
      "geometry": {
        "type": "Point",
        "coordinates": [
          4.746608734130859,
          52.62392627931493
        ]
      },
      "properties": {
        "date": "2025-01-01",
        "severity": "letsel",
        "year": 2025,
        "count": 1,
        "description": "",
        "firstSeen": "2025-01-01",
        "starId": 89561,
        "area": "schoolzone"
      }
    },
    {
      "type": "Feature",
      "geometry": {
        "type": "Point",
        "coordinates": [
          4.747112989425659,
          52.619507069837795
        ]
      },
      "properties": {
        "date": "2025-01-01",
        "severity": "letsel",
        "year": 2025,
        "count": 1,
        "description": "",
        "firstSeen": "2025-01-01",
        "starId": 89636,
        "area": "schoolzone"
      }
    },
    {
      "type": "Feature",
      "geometry": {
        "type": "Point",
        "coordinates": [
          4.747547507286072,
          52.620119337716375
        ]
      },
      "properties": {
        "date": "2025-01-01",
        "severity": "letsel",
        "year": 2025,
        "count": 1,
        "description": "",
        "firstSeen": "2025-01-01",
        "starId": 89702,
        "area": "schoolzone"
      }
    },
    {
      "type": "Feature",
      "geometry": {
        "type": "Point",
        "coordinates": [
          4.747826457023621,
          52.62032776738076
        ]
      },
      "properties": {
        "date": "2025-01-01",
        "severity": "letsel",
        "year": 2025,
        "count": 1,
        "description": "",
        "firstSeen": "2025-01-01",
        "starId": 89744,
        "area": "schoolzone"
      }
    },
    {
      "type": "Feature",
      "geometry": {
        "type": "Point",
        "coordinates": [
          4.747901558876038,
          52.62029194360281
        ]
      },
      "properties": {
        "date": "2025-01-01",
        "severity": "materieel",
        "year": 2025,
        "count": 1,
        "description": "",
        "firstSeen": "2025-01-01",
        "starId": 89751,
        "area": "schoolzone"
      }
    },
    {
      "type": "Feature",
      "geometry": {
        "type": "Point",
        "coordinates": [
          4.748030304908752,
          52.624571049293905
        ]
      },
      "properties": {
        "date": "2025-01-01",
        "severity": "materieel",
        "year": 2025,
        "count": 1,
        "description": "",
        "firstSeen": "2025-01-01",
        "starId": 89777,
        "area": "schoolzone"
      }
    },
    {
      "type": "Feature",
      "geometry": {
        "type": "Point",
        "coordinates": [
          4.748389720916748,
          52.61911951287172
        ]
      },
      "properties": {
        "date": "2025-01-01",
        "severity": "materieel",
        "year": 2025,
        "count": 1,
        "description": "",
        "firstSeen": "2025-01-01",
        "starId": 89821,
        "area": "schoolzone"
      }
    },
    {
      "type": "Feature",
      "geometry": {
        "type": "Point",
        "coordinates": [
          4.748556017875671,
          52.62104423678272
        ]
      },
      "properties": {
        "date": "2025-01-01",
        "severity": "letsel",
        "year": 2025,
        "count": 1,
        "description": "",
        "firstSeen": "2025-01-01",
        "starId": 89857,
        "area": "schoolzone"
      }
    },
    {
      "type": "Feature",
      "geometry": {
        "type": "Point",
        "coordinates": [
          4.748722314834595,
          52.61947124538821
        ]
      },
      "properties": {
        "date": "2025-01-01",
        "severity": "letsel",
        "year": 2025,
        "count": 2,
        "description": "",
        "firstSeen": "2025-01-01",
        "starId": 89878,
        "area": "schoolzone"
      }
    },
    {
      "type": "Feature",
      "geometry": {
        "type": "Point",
        "coordinates": [
          4.748990535736084,
          52.621539245155816
        ]
      },
      "properties": {
        "date": "2025-01-01",
        "severity": "materieel",
        "year": 2025,
        "count": 1,
        "description": "",
        "firstSeen": "2025-01-01",
        "starId": 89927,
        "area": "schoolzone"
      }
    },
    {
      "type": "Feature",
      "geometry": {
        "type": "Point",
        "coordinates": [
          4.749011993408203,
          52.624955301632895
        ]
      },
      "properties": {
        "date": "2025-01-01",
        "severity": "letsel",
        "year": 2025,
        "count": 1,
        "description": "",
        "firstSeen": "2025-01-01",
        "starId": 89938,
        "area": "schoolzone"
      }
    },
    {
      "type": "Feature",
      "geometry": {
        "type": "Point",
        "coordinates": [
          4.7491031885147095,
          52.62187141868861
        ]
      },
      "properties": {
        "date": "2025-01-01",
        "severity": "letsel",
        "year": 2025,
        "count": 1,
        "description": "",
        "firstSeen": "2025-01-01",
        "starId": 89948,
        "area": "schoolzone"
      }
    },
    {
      "type": "Feature",
      "geometry": {
        "type": "Point",
        "coordinates": [
          4.749387502670288,
          52.6164911998884
        ]
      },
      "properties": {
        "date": "2025-01-01",
        "severity": "materieel",
        "year": 2025,
        "count": 1,
        "description": "",
        "firstSeen": "2025-01-01",
        "starId": 89979,
        "area": "schoolzone"
      }
    },
    {
      "type": "Feature",
      "geometry": {
        "type": "Point",
        "coordinates": [
          4.749714732170105,
          52.62237944392166
        ]
      },
      "properties": {
        "date": "2025-01-01",
        "severity": "letsel",
        "year": 2025,
        "count": 3,
        "description": "",
        "firstSeen": "2025-01-01",
        "starId": 90030,
        "area": "schoolzone"
      }
    },
    {
      "type": "Feature",
      "geometry": {
        "type": "Point",
        "coordinates": [
          4.750181436538696,
          52.62293956747234
        ]
      },
      "properties": {
        "date": "2025-01-01",
        "severity": "materieel",
        "year": 2025,
        "count": 1,
        "description": "",
        "firstSeen": "2025-01-01",
        "starId": 90107,
        "area": "schoolzone"
      }
    },
    {
      "type": "Feature",
      "geometry": {
        "type": "Point",
        "coordinates": [
          4.76530909538269,
          52.669534960596195
        ]
      },
      "properties": {
        "date": "2025-01-01",
        "severity": "letsel",
        "year": 2025,
        "count": 1,
        "description": "",
        "firstSeen": "2025-01-01",
        "starId": 92635,
        "area": "schoolzone"
      }
    },
    {
      "type": "Feature",
      "geometry": {
        "type": "Point",
        "coordinates": [
          4.754467606544495,
          52.658684713337095
        ]
      },
      "properties": {
        "date": "2025-01-01",
        "severity": "materieel",
        "year": 2025,
        "count": 1,
        "description": "",
        "firstSeen": "2025-01-01",
        "starId": 90895,
        "area": "schoolzone"
      }
    },
    {
      "type": "Feature",
      "geometry": {
        "type": "Point",
        "coordinates": [
          4.756377339363098,
          52.65737339158753
        ]
      },
      "properties": {
        "date": "2025-01-01",
        "severity": "materieel",
        "year": 2025,
        "count": 1,
        "description": "",
        "firstSeen": "2025-01-01",
        "starId": 91248,
        "area": "schoolzone"
      }
    },
    {
      "type": "Feature",
      "geometry": {
        "type": "Point",
        "coordinates": [
          4.757031798362732,
          52.65808925449022
        ]
      },
      "properties": {
        "date": "2025-01-01",
        "severity": "materieel",
        "year": 2025,
        "count": 2,
        "description": "",
        "firstSeen": "2025-01-01",
        "starId": 91358,
        "area": "schoolzone"
      }
    },
    {
      "type": "Feature",
      "geometry": {
        "type": "Point",
        "coordinates": [
          4.758512377738953,
          52.65385573127699
        ]
      },
      "properties": {
        "date": "2025-01-01",
        "severity": "letsel",
        "year": 2025,
        "count": 2,
        "description": "",
        "firstSeen": "2025-01-01",
        "starId": 91592,
        "area": "schoolzone"
      }
    },
    {
      "type": "Feature",
      "geometry": {
        "type": "Point",
        "coordinates": [
          4.763206243515015,
          52.661339775376405
        ]
      },
      "properties": {
        "date": "2025-01-01",
        "severity": "letsel",
        "year": 2025,
        "count": 1,
        "description": "",
        "firstSeen": "2025-01-01",
        "starId": 92246,
        "area": "schoolzone"
      }
    },
    {
      "type": "Feature",
      "geometry": {
        "type": "Point",
        "coordinates": [
          4.763597846031189,
          52.65790703595448
        ]
      },
      "properties": {
        "date": "2025-01-01",
        "severity": "materieel",
        "year": 2025,
        "count": 1,
        "description": "",
        "firstSeen": "2025-01-01",
        "starId": 92301,
        "area": "schoolzone"
      }
    },
    {
      "type": "Feature",
      "geometry": {
        "type": "Point",
        "coordinates": [
          4.763941168785095,
          52.665735240470696
        ]
      },
      "properties": {
        "date": "2025-01-01",
        "severity": "letsel",
        "year": 2025,
        "count": 1,
        "description": "",
        "firstSeen": "2025-01-01",
        "starId": 92386,
        "area": "schoolzone"
      }
    },
    {
      "type": "Feature",
      "geometry": {
        "type": "Point",
        "coordinates": [
          4.7659313678741455,
          52.65880835951231
        ]
      },
      "properties": {
        "date": "2025-01-01",
        "severity": "materieel",
        "year": 2025,
        "count": 1,
        "description": "",
        "firstSeen": "2025-01-01",
        "starId": 92704,
        "area": "schoolzone"
      }
    },
    {
      "type": "Feature",
      "geometry": {
        "type": "Point",
        "coordinates": [
          4.7685706615448,
          52.6562247325252
        ]
      },
      "properties": {
        "date": "2025-01-01",
        "severity": "materieel",
        "year": 2025,
        "count": 2,
        "description": "",
        "firstSeen": "2025-01-01",
        "starId": 93078,
        "area": "schoolzone"
      }
    },
    {
      "type": "Feature",
      "geometry": {
        "type": "Point",
        "coordinates": [
          4.768629670143127,
          52.65633536955579
        ]
      },
      "properties": {
        "date": "2025-01-01",
        "severity": "materieel",
        "year": 2025,
        "count": 1,
        "description": "",
        "firstSeen": "2025-01-01",
        "starId": 93090,
        "area": "schoolzone"
      }
    },
    {
      "type": "Feature",
      "geometry": {
        "type": "Point",
        "coordinates": [
          4.768704771995544,
          52.656198700242044
        ]
      },
      "properties": {
        "date": "2025-01-01",
        "severity": "letsel",
        "year": 2025,
        "count": 2,
        "description": "",
        "firstSeen": "2025-01-01",
        "starId": 93103,
        "area": "schoolzone"
      }
    },
    {
      "type": "Feature",
      "geometry": {
        "type": "Point",
        "coordinates": [
          4.7689515352249146,
          52.66481128598451
        ]
      },
      "properties": {
        "date": "2025-01-01",
        "severity": "materieel",
        "year": 2025,
        "count": 1,
        "description": "",
        "firstSeen": "2025-01-01",
        "starId": 93142,
        "area": "schoolzone"
      }
    },
    {
      "type": "Feature",
      "geometry": {
        "type": "Point",
        "coordinates": [
          4.771939516067505,
          52.655128109169056
        ]
      },
      "properties": {
        "date": "2025-01-01",
        "severity": "letsel",
        "year": 2025,
        "count": 1,
        "description": "",
        "firstSeen": "2025-01-01",
        "starId": 93602,
        "area": "schoolzone"
      }
    },
    {
      "type": "Feature",
      "geometry": {
        "type": "Point",
        "coordinates": [
          4.751420617103577,
          52.65062743502321
        ]
      },
      "properties": {
        "date": "2025-01-01",
        "severity": "letsel",
        "year": 2025,
        "count": 1,
        "description": "",
        "firstSeen": "2025-01-01",
        "starId": 90379,
        "area": "schoolzone"
      }
    },
    {
      "type": "Feature",
      "geometry": {
        "type": "Point",
        "coordinates": [
          4.752895832061768,
          52.641403348018656
        ]
      },
      "properties": {
        "date": "2025-01-01",
        "severity": "materieel",
        "year": 2025,
        "count": 1,
        "description": "",
        "firstSeen": "2025-01-01",
        "starId": 90586,
        "area": "schoolzone"
      }
    },
    {
      "type": "Feature",
      "geometry": {
        "type": "Point",
        "coordinates": [
          4.752815365791321,
          52.6470311187378
        ]
      },
      "properties": {
        "date": "2025-01-01",
        "severity": "letsel",
        "year": 2025,
        "count": 1,
        "description": "",
        "firstSeen": "2025-01-01",
        "starId": 90587,
        "area": "schoolzone"
      }
    },
    {
      "type": "Feature",
      "geometry": {
        "type": "Point",
        "coordinates": [
          4.754472970962524,
          52.64397483108115
        ]
      },
      "properties": {
        "date": "2025-01-01",
        "severity": "materieel",
        "year": 2025,
        "count": 1,
        "description": "",
        "firstSeen": "2025-01-01",
        "starId": 90858,
        "area": "schoolzone"
      }
    },
    {
      "type": "Feature",
      "geometry": {
        "type": "Point",
        "coordinates": [
          4.755567312240601,
          52.641706074762055
        ]
      },
      "properties": {
        "date": "2025-01-01",
        "severity": "letsel",
        "year": 2025,
        "count": 1,
        "description": "",
        "firstSeen": "2025-01-01",
        "starId": 91071,
        "area": "schoolzone"
      }
    },
    {
      "type": "Feature",
      "geometry": {
        "type": "Point",
        "coordinates": [
          4.7584158182144165,
          52.653422919103576
        ]
      },
      "properties": {
        "date": "2025-01-01",
        "severity": "letsel",
        "year": 2025,
        "count": 2,
        "description": "",
        "firstSeen": "2025-01-01",
        "starId": 91577,
        "area": "schoolzone"
      }
    },
    {
      "type": "Feature",
      "geometry": {
        "type": "Point",
        "coordinates": [
          4.758737683296204,
          52.65333505445497
        ]
      },
      "properties": {
        "date": "2025-01-01",
        "severity": "letsel",
        "year": 2025,
        "count": 2,
        "description": "",
        "firstSeen": "2025-01-01",
        "starId": 91619,
        "area": "schoolzone"
      }
    },
    {
      "type": "Feature",
      "geometry": {
        "type": "Point",
        "coordinates": [
          4.762122631072998,
          52.64297229617213
        ]
      },
      "properties": {
        "date": "2025-01-01",
        "severity": "letsel",
        "year": 2025,
        "count": 1,
        "description": "",
        "firstSeen": "2025-01-01",
        "starId": 92053,
        "area": "schoolzone"
      }
    },
    {
      "type": "Feature",
      "geometry": {
        "type": "Point",
        "coordinates": [
          4.7628843784332275,
          52.642337562515195
        ]
      },
      "properties": {
        "date": "2025-01-01",
        "severity": "letsel",
        "year": 2025,
        "count": 4,
        "description": "",
        "firstSeen": "2025-01-01",
        "starId": 92165,
        "area": "schoolzone"
      }
    },
    {
      "type": "Feature",
      "geometry": {
        "type": "Point",
        "coordinates": [
          4.763243794441223,
          52.64216829865097
        ]
      },
      "properties": {
        "date": "2025-01-01",
        "severity": "letsel",
        "year": 2025,
        "count": 1,
        "description": "",
        "firstSeen": "2025-01-01",
        "starId": 92208,
        "area": "schoolzone"
      }
    },
    {
      "type": "Feature",
      "geometry": {
        "type": "Point",
        "coordinates": [
          4.763270616531372,
          52.642331052378694
        ]
      },
      "properties": {
        "date": "2025-01-01",
        "severity": "letsel",
        "year": 2025,
        "count": 1,
        "description": "",
        "firstSeen": "2025-01-01",
        "starId": 92211,
        "area": "schoolzone"
      }
    },
    {
      "type": "Feature",
      "geometry": {
        "type": "Point",
        "coordinates": [
          4.763522744178772,
          52.642448234687635
        ]
      },
      "properties": {
        "date": "2025-01-01",
        "severity": "letsel",
        "year": 2025,
        "count": 1,
        "description": "",
        "firstSeen": "2025-01-01",
        "starId": 92251,
        "area": "schoolzone"
      }
    },
    {
      "type": "Feature",
      "geometry": {
        "type": "Point",
        "coordinates": [
          4.763780236244202,
          52.64168654406765
        ]
      },
      "properties": {
        "date": "2025-01-01",
        "severity": "materieel",
        "year": 2025,
        "count": 1,
        "description": "",
        "firstSeen": "2025-01-01",
        "starId": 92288,
        "area": "schoolzone"
      }
    },
    {
      "type": "Feature",
      "geometry": {
        "type": "Point",
        "coordinates": [
          4.763780236244202,
          52.64170281964692
        ]
      },
      "properties": {
        "date": "2025-01-01",
        "severity": "letsel",
        "year": 2025,
        "count": 1,
        "description": "",
        "firstSeen": "2025-01-01",
        "starId": 92289,
        "area": "schoolzone"
      }
    },
    {
      "type": "Feature",
      "geometry": {
        "type": "Point",
        "coordinates": [
          4.764021635055542,
          52.64355819598751
        ]
      },
      "properties": {
        "date": "2025-01-01",
        "severity": "materieel",
        "year": 2025,
        "count": 1,
        "description": "",
        "firstSeen": "2025-01-01",
        "starId": 92341,
        "area": "schoolzone"
      }
    },
    {
      "type": "Feature",
      "geometry": {
        "type": "Point",
        "coordinates": [
          4.765765070915222,
          52.64365584519368
        ]
      },
      "properties": {
        "date": "2025-01-01",
        "severity": "letsel",
        "year": 2025,
        "count": 1,
        "description": "",
        "firstSeen": "2025-01-01",
        "starId": 92644,
        "area": "schoolzone"
      }
    },
    {
      "type": "Feature",
      "geometry": {
        "type": "Point",
        "coordinates": [
          4.766129851341248,
          52.65206913306724
        ]
      },
      "properties": {
        "date": "2025-01-01",
        "severity": "materieel",
        "year": 2025,
        "count": 1,
        "description": "",
        "firstSeen": "2025-01-01",
        "starId": 92718,
        "area": "schoolzone"
      }
    },
    {
      "type": "Feature",
      "geometry": {
        "type": "Point",
        "coordinates": [
          4.766784310340881,
          52.6446485997476
        ]
      },
      "properties": {
        "date": "2025-01-01",
        "severity": "materieel",
        "year": 2025,
        "count": 1,
        "description": "",
        "firstSeen": "2025-01-01",
        "starId": 92809,
        "area": "schoolzone"
      }
    },
    {
      "type": "Feature",
      "geometry": {
        "type": "Point",
        "coordinates": [
          4.76706326007843,
          52.65319837576172
        ]
      },
      "properties": {
        "date": "2025-01-01",
        "severity": "materieel",
        "year": 2025,
        "count": 1,
        "description": "",
        "firstSeen": "2025-01-01",
        "starId": 92866,
        "area": "schoolzone"
      }
    },
    {
      "type": "Feature",
      "geometry": {
        "type": "Point",
        "coordinates": [
          4.752005338668823,
          52.61526329699416
        ]
      },
      "properties": {
        "date": "2025-01-01",
        "severity": "materieel",
        "year": 2025,
        "count": 1,
        "description": "",
        "firstSeen": "2025-01-01",
        "starId": 90392,
        "area": "schoolzone"
      }
    },
    {
      "type": "Feature",
      "geometry": {
        "type": "Point",
        "coordinates": [
          4.752863645553589,
          52.618008931469774
        ]
      },
      "properties": {
        "date": "2025-01-01",
        "severity": "materieel",
        "year": 2025,
        "count": 1,
        "description": "",
        "firstSeen": "2025-01-01",
        "starId": 90520,
        "area": "schoolzone"
      }
    },
    {
      "type": "Feature",
      "geometry": {
        "type": "Point",
        "coordinates": [
          4.752933382987976,
          52.61532192444042
        ]
      },
      "properties": {
        "date": "2025-01-01",
        "severity": "materieel",
        "year": 2025,
        "count": 1,
        "description": "",
        "firstSeen": "2025-01-01",
        "starId": 90524,
        "area": "schoolzone"
      }
    },
    {
      "type": "Feature",
      "geometry": {
        "type": "Point",
        "coordinates": [
          4.755776524543762,
          52.626160138788634
        ]
      },
      "properties": {
        "date": "2025-01-01",
        "severity": "materieel",
        "year": 2025,
        "count": 1,
        "description": "",
        "firstSeen": "2025-01-01",
        "starId": 91070,
        "area": "schoolzone"
      }
    },
    {
      "type": "Feature",
      "geometry": {
        "type": "Point",
        "coordinates": [
          4.756489992141724,
          52.62490319981853
        ]
      },
      "properties": {
        "date": "2025-01-01",
        "severity": "materieel",
        "year": 2025,
        "count": 1,
        "description": "",
        "firstSeen": "2025-01-01",
        "starId": 91184,
        "area": "schoolzone"
      }
    },
    {
      "type": "Feature",
      "geometry": {
        "type": "Point",
        "coordinates": [
          4.772910475730896,
          52.66302513548925
        ]
      },
      "properties": {
        "date": "2025-01-01",
        "severity": "materieel",
        "year": 2025,
        "count": 1,
        "description": "",
        "firstSeen": "2025-01-01",
        "starId": 93769,
        "area": "schoolzone"
      }
    },
    {
      "type": "Feature",
      "geometry": {
        "type": "Point",
        "coordinates": [
          4.773119688034058,
          52.66392310005389
        ]
      },
      "properties": {
        "date": "2025-01-01",
        "severity": "materieel",
        "year": 2025,
        "count": 1,
        "description": "",
        "firstSeen": "2025-01-01",
        "starId": 93798,
        "area": "schoolzone"
      }
    },
    {
      "type": "Feature",
      "geometry": {
        "type": "Point",
        "coordinates": [
          4.7737956047058105,
          52.665097583829464
        ]
      },
      "properties": {
        "date": "2025-01-01",
        "severity": "materieel",
        "year": 2025,
        "count": 1,
        "description": "",
        "firstSeen": "2025-01-01",
        "starId": 93909,
        "area": "schoolzone"
      }
    },
    {
      "type": "Feature",
      "geometry": {
        "type": "Point",
        "coordinates": [
          4.773908257484436,
          52.66472019082235
        ]
      },
      "properties": {
        "date": "2025-01-01",
        "severity": "materieel",
        "year": 2025,
        "count": 2,
        "description": "",
        "firstSeen": "2025-01-01",
        "starId": 93929,
        "area": "schoolzone"
      }
    },
    {
      "type": "Feature",
      "geometry": {
        "type": "Point",
        "coordinates": [
          4.774138927459717,
          52.6651333709282
        ]
      },
      "properties": {
        "date": "2025-01-01",
        "severity": "letsel",
        "year": 2025,
        "count": 1,
        "description": "",
        "firstSeen": "2025-01-01",
        "starId": 93958,
        "area": "schoolzone"
      }
    },
    {
      "type": "Feature",
      "geometry": {
        "type": "Point",
        "coordinates": [
          4.77480411529541,
          52.636412937519395
        ]
      },
      "properties": {
        "date": "2025-01-01",
        "severity": "materieel",
        "year": 2025,
        "count": 1,
        "description": "",
        "firstSeen": "2025-01-01",
        "starId": 93996,
        "area": "schoolzone"
      }
    },
    {
      "type": "Feature",
      "geometry": {
        "type": "Point",
        "coordinates": [
          4.84846293926239,
          52.55175956068308
        ]
      },
      "properties": {
        "date": "2025-01-01",
        "severity": "letsel",
        "year": 2025,
        "count": 1,
        "description": "",
        "firstSeen": "2025-01-01",
        "starId": 104406,
        "area": "schoolzone"
      }
    },
    {
      "type": "Feature",
      "geometry": {
        "type": "Point",
        "coordinates": [
          4.723531007766724,
          52.641152701710126
        ]
      },
      "properties": {
        "date": "2024-01-01",
        "severity": "materieel",
        "year": 2024,
        "count": 1,
        "description": "",
        "firstSeen": "2024-01-01",
        "starId": 86585,
        "area": "schoolzone"
      }
    },
    {
      "type": "Feature",
      "geometry": {
        "type": "Point",
        "coordinates": [
          4.72587525844574,
          52.64039424374204
        ]
      },
      "properties": {
        "date": "2024-01-01",
        "severity": "letsel",
        "year": 2024,
        "count": 1,
        "description": "",
        "firstSeen": "2024-01-01",
        "starId": 86854,
        "area": "schoolzone"
      }
    },
    {
      "type": "Feature",
      "geometry": {
        "type": "Point",
        "coordinates": [
          4.726095199584961,
          52.64061885283712
        ]
      },
      "properties": {
        "date": "2024-01-01",
        "severity": "materieel",
        "year": 2024,
        "count": 1,
        "description": "",
        "firstSeen": "2024-01-01",
        "starId": 86881,
        "area": "schoolzone"
      }
    },
    {
      "type": "Feature",
      "geometry": {
        "type": "Point",
        "coordinates": [
          4.719555974006653,
          52.63535162874186
        ]
      },
      "properties": {
        "date": "2024-01-01",
        "severity": "materieel",
        "year": 2024,
        "count": 1,
        "description": "",
        "firstSeen": "2024-01-01",
        "starId": 86114,
        "area": "schoolzone"
      }
    },
    {
      "type": "Feature",
      "geometry": {
        "type": "Point",
        "coordinates": [
          4.720108509063721,
          52.63204057057757
        ]
      },
      "properties": {
        "date": "2024-01-01",
        "severity": "materieel",
        "year": 2024,
        "count": 1,
        "description": "",
        "firstSeen": "2024-01-01",
        "starId": 86176,
        "area": "schoolzone"
      }
    },
    {
      "type": "Feature",
      "geometry": {
        "type": "Point",
        "coordinates": [
          4.721041917800903,
          52.635892052993
        ]
      },
      "properties": {
        "date": "2024-01-01",
        "severity": "materieel",
        "year": 2024,
        "count": 1,
        "description": "",
        "firstSeen": "2024-01-01",
        "starId": 86303,
        "area": "schoolzone"
      }
    },
    {
      "type": "Feature",
      "geometry": {
        "type": "Point",
        "coordinates": [
          4.7224098443984985,
          52.63234010630492
        ]
      },
      "properties": {
        "date": "2024-01-01",
        "severity": "materieel",
        "year": 2024,
        "count": 1,
        "description": "",
        "firstSeen": "2024-01-01",
        "starId": 86456,
        "area": "schoolzone"
      }
    },
    {
      "type": "Feature",
      "geometry": {
        "type": "Point",
        "coordinates": [
          4.723579287528992,
          52.631213580858514
        ]
      },
      "properties": {
        "date": "2024-01-01",
        "severity": "dodelijk",
        "year": 2024,
        "count": 1,
        "description": "",
        "firstSeen": "2024-01-01",
        "starId": 86568,
        "area": "schoolzone"
      }
    },
    {
      "type": "Feature",
      "geometry": {
        "type": "Point",
        "coordinates": [
          4.723531007766724,
          52.63806344940056
        ]
      },
      "properties": {
        "date": "2024-01-01",
        "severity": "materieel",
        "year": 2024,
        "count": 1,
        "description": "",
        "firstSeen": "2024-01-01",
        "starId": 86577,
        "area": "schoolzone"
      }
    },
    {
      "type": "Feature",
      "geometry": {
        "type": "Point",
        "coordinates": [
          4.723557829856873,
          52.63821645227904
        ]
      },
      "properties": {
        "date": "2024-01-01",
        "severity": "dodelijk",
        "year": 2024,
        "count": 1,
        "description": "",
        "firstSeen": "2024-01-01",
        "starId": 86582,
        "area": "schoolzone"
      }
    },
    {
      "type": "Feature",
      "geometry": {
        "type": "Point",
        "coordinates": [
          4.723842144012451,
          52.63108008892692
        ]
      },
      "properties": {
        "date": "2024-01-01",
        "severity": "materieel",
        "year": 2024,
        "count": 1,
        "description": "",
        "firstSeen": "2024-01-01",
        "starId": 86603,
        "area": "schoolzone"
      }
    },
    {
      "type": "Feature",
      "geometry": {
        "type": "Point",
        "coordinates": [
          4.724346399307251,
          52.62899951569881
        ]
      },
      "properties": {
        "date": "2024-01-01",
        "severity": "materieel",
        "year": 2024,
        "count": 1,
        "description": "",
        "firstSeen": "2024-01-01",
        "starId": 86666,
        "area": "schoolzone"
      }
    },
    {
      "type": "Feature",
      "geometry": {
        "type": "Point",
        "coordinates": [
          4.724888205528259,
          52.632265222565366
        ]
      },
      "properties": {
        "date": "2024-01-01",
        "severity": "materieel",
        "year": 2024,
        "count": 4,
        "description": "",
        "firstSeen": "2024-01-01",
        "starId": 86736,
        "area": "schoolzone"
      }
    },
    {
      "type": "Feature",
      "geometry": {
        "type": "Point",
        "coordinates": [
          4.725193977355957,
          52.63962600681427
        ]
      },
      "properties": {
        "date": "2024-01-01",
        "severity": "letsel",
        "year": 2024,
        "count": 1,
        "description": "",
        "firstSeen": "2024-01-01",
        "starId": 86784,
        "area": "schoolzone"
      }
    },
    {
      "type": "Feature",
      "geometry": {
        "type": "Point",
        "coordinates": [
          4.725558757781982,
          52.63310521543045
        ]
      },
      "properties": {
        "date": "2024-01-01",
        "severity": "letsel",
        "year": 2024,
        "count": 1,
        "description": "",
        "firstSeen": "2024-01-01",
        "starId": 86808,
        "area": "schoolzone"
      }
    },
    {
      "type": "Feature",
      "geometry": {
        "type": "Point",
        "coordinates": [
          4.72562313079834,
          52.64037471246189
        ]
      },
      "properties": {
        "date": "2024-01-01",
        "severity": "letsel",
        "year": 2024,
        "count": 3,
        "description": "",
        "firstSeen": "2024-01-01",
        "starId": 86823,
        "area": "schoolzone"
      }
    },
    {
      "type": "Feature",
      "geometry": {
        "type": "Point",
        "coordinates": [
          4.727522134780884,
          52.634120999213536
        ]
      },
      "properties": {
        "date": "2024-01-01",
        "severity": "materieel",
        "year": 2024,
        "count": 1,
        "description": "",
        "firstSeen": "2024-01-01",
        "starId": 87030,
        "area": "schoolzone"
      }
    },
    {
      "type": "Feature",
      "geometry": {
        "type": "Point",
        "coordinates": [
          4.7280532121658325,
          52.63421541381601
        ]
      },
      "properties": {
        "date": "2024-01-01",
        "severity": "materieel",
        "year": 2024,
        "count": 1,
        "description": "",
        "firstSeen": "2024-01-01",
        "starId": 87113,
        "area": "schoolzone"
      }
    },
    {
      "type": "Feature",
      "geometry": {
        "type": "Point",
        "coordinates": [
          4.750573039054871,
          52.67638858590644
        ]
      },
      "properties": {
        "date": "2024-01-01",
        "severity": "letsel",
        "year": 2024,
        "count": 1,
        "description": "",
        "firstSeen": "2024-01-01",
        "starId": 90304,
        "area": "schoolzone"
      }
    },
    {
      "type": "Feature",
      "geometry": {
        "type": "Point",
        "coordinates": [
          4.749687910079956,
          52.65894827449932
        ]
      },
      "properties": {
        "date": "2024-01-01",
        "severity": "letsel",
        "year": 2024,
        "count": 1,
        "description": "",
        "firstSeen": "2024-01-01",
        "starId": 90114,
        "area": "schoolzone"
      }
    },
    {
      "type": "Feature",
      "geometry": {
        "type": "Point",
        "coordinates": [
          4.738524556159973,
          52.64939723522383
        ]
      },
      "properties": {
        "date": "2024-01-01",
        "severity": "letsel",
        "year": 2024,
        "count": 3,
        "description": "",
        "firstSeen": "2024-01-01",
        "starId": 88378,
        "area": "schoolzone"
      }
    },
    {
      "type": "Feature",
      "geometry": {
        "type": "Point",
        "coordinates": [
          4.748421907424927,
          52.6485347729284
        ]
      },
      "properties": {
        "date": "2024-01-01",
        "severity": "letsel",
        "year": 2024,
        "count": 1,
        "description": "",
        "firstSeen": "2024-01-01",
        "starId": 89897,
        "area": "schoolzone"
      }
    },
    {
      "type": "Feature",
      "geometry": {
        "type": "Point",
        "coordinates": [
          4.748486280441284,
          52.64710597720395
        ]
      },
      "properties": {
        "date": "2024-01-01",
        "severity": "materieel",
        "year": 2024,
        "count": 1,
        "description": "",
        "firstSeen": "2024-01-01",
        "starId": 89905,
        "area": "schoolzone"
      }
    },
    {
      "type": "Feature",
      "geometry": {
        "type": "Point",
        "coordinates": [
          4.748974442481995,
          52.6471710714182
        ]
      },
      "properties": {
        "date": "2024-01-01",
        "severity": "materieel",
        "year": 2024,
        "count": 1,
        "description": "",
        "firstSeen": "2024-01-01",
        "starId": 89984,
        "area": "schoolzone"
      }
    },
    {
      "type": "Feature",
      "geometry": {
        "type": "Point",
        "coordinates": [
          4.74958598613739,
          52.64881792280286
        ]
      },
      "properties": {
        "date": "2024-01-01",
        "severity": "letsel",
        "year": 2024,
        "count": 1,
        "description": "",
        "firstSeen": "2024-01-01",
        "starId": 90074,
        "area": "schoolzone"
      }
    },
    {
      "type": "Feature",
      "geometry": {
        "type": "Point",
        "coordinates": [
          4.728782773017883,
          52.63456702502609
        ]
      },
      "properties": {
        "date": "2024-01-01",
        "severity": "letsel",
        "year": 2024,
        "count": 1,
        "description": "",
        "firstSeen": "2024-01-01",
        "starId": 87217,
        "area": "schoolzone"
      }
    },
    {
      "type": "Feature",
      "geometry": {
        "type": "Point",
        "coordinates": [
          4.7296518087387085,
          52.63590181963494
        ]
      },
      "properties": {
        "date": "2024-01-01",
        "severity": "materieel",
        "year": 2024,
        "count": 1,
        "description": "",
        "firstSeen": "2024-01-01",
        "starId": 87341,
        "area": "schoolzone"
      }
    },
    {
      "type": "Feature",
      "geometry": {
        "type": "Point",
        "coordinates": [
          4.730021953582764,
          52.63495118959938
        ]
      },
      "properties": {
        "date": "2024-01-01",
        "severity": "materieel",
        "year": 2024,
        "count": 1,
        "description": "",
        "firstSeen": "2024-01-01",
        "starId": 87387,
        "area": "schoolzone"
      }
    },
    {
      "type": "Feature",
      "geometry": {
        "type": "Point",
        "coordinates": [
          4.731234312057495,
          52.6358236864385
        ]
      },
      "properties": {
        "date": "2024-01-01",
        "severity": "letsel",
        "year": 2024,
        "count": 1,
        "description": "",
        "firstSeen": "2024-01-01",
        "starId": 87526,
        "area": "schoolzone"
      }
    },
    {
      "type": "Feature",
      "geometry": {
        "type": "Point",
        "coordinates": [
          4.734774827957153,
          52.639948277337794
        ]
      },
      "properties": {
        "date": "2024-01-01",
        "severity": "letsel",
        "year": 2024,
        "count": 1,
        "description": "",
        "firstSeen": "2024-01-01",
        "starId": 87923,
        "area": "schoolzone"
      }
    },
    {
      "type": "Feature",
      "geometry": {
        "type": "Point",
        "coordinates": [
          4.736174941062927,
          52.633271258622784
        ]
      },
      "properties": {
        "date": "2024-01-01",
        "severity": "materieel",
        "year": 2024,
        "count": 1,
        "description": "",
        "firstSeen": "2024-01-01",
        "starId": 88081,
        "area": "schoolzone"
      }
    },
    {
      "type": "Feature",
      "geometry": {
        "type": "Point",
        "coordinates": [
          4.736453890800476,
          52.633290793074565
        ]
      },
      "properties": {
        "date": "2024-01-01",
        "severity": "letsel",
        "year": 2024,
        "count": 1,
        "description": "",
        "firstSeen": "2024-01-01",
        "starId": 88110,
        "area": "schoolzone"
      }
    },
    {
      "type": "Feature",
      "geometry": {
        "type": "Point",
        "coordinates": [
          4.737215638160706,
          52.63375310588779
        ]
      },
      "properties": {
        "date": "2024-01-01",
        "severity": "letsel",
        "year": 2024,
        "count": 1,
        "description": "",
        "firstSeen": "2024-01-01",
        "starId": 88198,
        "area": "schoolzone"
      }
    },
    {
      "type": "Feature",
      "geometry": {
        "type": "Point",
        "coordinates": [
          4.737553596496582,
          52.634104720813184
        ]
      },
      "properties": {
        "date": "2024-01-01",
        "severity": "materieel",
        "year": 2024,
        "count": 1,
        "description": "",
        "firstSeen": "2024-01-01",
        "starId": 88242,
        "area": "schoolzone"
      }
    },
    {
      "type": "Feature",
      "geometry": {
        "type": "Point",
        "coordinates": [
          4.738309979438782,
          52.63590507518174
        ]
      },
      "properties": {
        "date": "2024-01-01",
        "severity": "materieel",
        "year": 2024,
        "count": 1,
        "description": "",
        "firstSeen": "2024-01-01",
        "starId": 88332,
        "area": "schoolzone"
      }
    },
    {
      "type": "Feature",
      "geometry": {
        "type": "Point",
        "coordinates": [
          4.738583564758301,
          52.63542976278134
        ]
      },
      "properties": {
        "date": "2024-01-01",
        "severity": "letsel",
        "year": 2024,
        "count": 2,
        "description": "",
        "firstSeen": "2024-01-01",
        "starId": 88363,
        "area": "schoolzone"
      }
    },
    {
      "type": "Feature",
      "geometry": {
        "type": "Point",
        "coordinates": [
          4.73909854888916,
          52.633528461539385
        ]
      },
      "properties": {
        "date": "2024-01-01",
        "severity": "letsel",
        "year": 2024,
        "count": 2,
        "description": "",
        "firstSeen": "2024-01-01",
        "starId": 88432,
        "area": "schoolzone"
      }
    },
    {
      "type": "Feature",
      "geometry": {
        "type": "Point",
        "coordinates": [
          4.739120006561279,
          52.63378891864832
        ]
      },
      "properties": {
        "date": "2024-01-01",
        "severity": "materieel",
        "year": 2024,
        "count": 1,
        "description": "",
        "firstSeen": "2024-01-01",
        "starId": 88440,
        "area": "schoolzone"
      }
    },
    {
      "type": "Feature",
      "geometry": {
        "type": "Point",
        "coordinates": [
          4.739586710929871,
          52.634169834378184
        ]
      },
      "properties": {
        "date": "2024-01-01",
        "severity": "letsel",
        "year": 2024,
        "count": 1,
        "description": "",
        "firstSeen": "2024-01-01",
        "starId": 88514,
        "area": "schoolzone"
      }
    },
    {
      "type": "Feature",
      "geometry": {
        "type": "Point",
        "coordinates": [
          4.739865660667419,
          52.63259731469529
        ]
      },
      "properties": {
        "date": "2024-01-01",
        "severity": "letsel",
        "year": 2024,
        "count": 1,
        "description": "",
        "firstSeen": "2024-01-01",
        "starId": 88554,
        "area": "schoolzone"
      }
    },
    {
      "type": "Feature",
      "geometry": {
        "type": "Point",
        "coordinates": [
          4.740053415298462,
          52.63484700970943
        ]
      },
      "properties": {
        "date": "2024-01-01",
        "severity": "letsel",
        "year": 2024,
        "count": 1,
        "description": "",
        "firstSeen": "2024-01-01",
        "starId": 88583,
        "area": "schoolzone"
      }
    },
    {
      "type": "Feature",
      "geometry": {
        "type": "Point",
        "coordinates": [
          4.740455746650696,
          52.63462237097764
        ]
      },
      "properties": {
        "date": "2024-01-01",
        "severity": "materieel",
        "year": 2024,
        "count": 1,
        "description": "",
        "firstSeen": "2024-01-01",
        "starId": 88644,
        "area": "schoolzone"
      }
    },
    {
      "type": "Feature",
      "geometry": {
        "type": "Point",
        "coordinates": [
          4.741330146789551,
          52.628416676979214
        ]
      },
      "properties": {
        "date": "2024-01-01",
        "severity": "letsel",
        "year": 2024,
        "count": 1,
        "description": "",
        "firstSeen": "2024-01-01",
        "starId": 88762,
        "area": "schoolzone"
      }
    },
    {
      "type": "Feature",
      "geometry": {
        "type": "Point",
        "coordinates": [
          4.7413623332977295,
          52.62918185470966
        ]
      },
      "properties": {
        "date": "2024-01-01",
        "severity": "letsel",
        "year": 2024,
        "count": 1,
        "description": "",
        "firstSeen": "2024-01-01",
        "starId": 88768,
        "area": "schoolzone"
      }
    },
    {
      "type": "Feature",
      "geometry": {
        "type": "Point",
        "coordinates": [
          4.741619825363159,
          52.62869670102003
        ]
      },
      "properties": {
        "date": "2024-01-01",
        "severity": "letsel",
        "year": 2024,
        "count": 1,
        "description": "",
        "firstSeen": "2024-01-01",
        "starId": 88806,
        "area": "schoolzone"
      }
    },
    {
      "type": "Feature",
      "geometry": {
        "type": "Point",
        "coordinates": [
          4.741550087928772,
          52.63427076021239
        ]
      },
      "properties": {
        "date": "2024-01-01",
        "severity": "letsel",
        "year": 2024,
        "count": 1,
        "description": "",
        "firstSeen": "2024-01-01",
        "starId": 88808,
        "area": "schoolzone"
      }
    },
    {
      "type": "Feature",
      "geometry": {
        "type": "Point",
        "coordinates": [
          4.741823673248291,
          52.63400053890766
        ]
      },
      "properties": {
        "date": "2024-01-01",
        "severity": "letsel",
        "year": 2024,
        "count": 1,
        "description": "",
        "firstSeen": "2024-01-01",
        "starId": 88848,
        "area": "schoolzone"
      }
    },
    {
      "type": "Feature",
      "geometry": {
        "type": "Point",
        "coordinates": [
          4.741968512535095,
          52.62903207629216
        ]
      },
      "properties": {
        "date": "2024-01-01",
        "severity": "letsel",
        "year": 2024,
        "count": 1,
        "description": "",
        "firstSeen": "2024-01-01",
        "starId": 88854,
        "area": "schoolzone"
      }
    },
    {
      "type": "Feature",
      "geometry": {
        "type": "Point",
        "coordinates": [
          4.742199182510376,
          52.63447261118236
        ]
      },
      "properties": {
        "date": "2024-01-01",
        "severity": "letsel",
        "year": 2024,
        "count": 4,
        "description": "",
        "firstSeen": "2024-01-01",
        "starId": 88906,
        "area": "schoolzone"
      }
    },
    {
      "type": "Feature",
      "geometry": {
        "type": "Point",
        "coordinates": [
          4.743717312812805,
          52.62975165922157
        ]
      },
      "properties": {
        "date": "2024-01-01",
        "severity": "materieel",
        "year": 2024,
        "count": 1,
        "description": "",
        "firstSeen": "2024-01-01",
        "starId": 89107,
        "area": "schoolzone"
      }
    },
    {
      "type": "Feature",
      "geometry": {
        "type": "Point",
        "coordinates": [
          4.738224148750305,
          52.61737383560083
        ]
      },
      "properties": {
        "date": "2024-01-01",
        "severity": "materieel",
        "year": 2024,
        "count": 1,
        "description": "",
        "firstSeen": "2024-01-01",
        "starId": 88289,
        "area": "schoolzone"
      }
    },
    {
      "type": "Feature",
      "geometry": {
        "type": "Point",
        "coordinates": [
          4.738680124282837,
          52.618617963469376
        ]
      },
      "properties": {
        "date": "2024-01-01",
        "severity": "letsel",
        "year": 2024,
        "count": 1,
        "description": "",
        "firstSeen": "2024-01-01",
        "starId": 88347,
        "area": "schoolzone"
      }
    },
    {
      "type": "Feature",
      "geometry": {
        "type": "Point",
        "coordinates": [
          4.740552306175232,
          52.61994673114933
        ]
      },
      "properties": {
        "date": "2024-01-01",
        "severity": "materieel",
        "year": 2024,
        "count": 1,
        "description": "",
        "firstSeen": "2024-01-01",
        "starId": 88627,
        "area": "schoolzone"
      }
    },
    {
      "type": "Feature",
      "geometry": {
        "type": "Point",
        "coordinates": [
          4.742188453674316,
          52.61720773208435
        ]
      },
      "properties": {
        "date": "2024-01-01",
        "severity": "letsel",
        "year": 2024,
        "count": 1,
        "description": "",
        "firstSeen": "2024-01-01",
        "starId": 88859,
        "area": "schoolzone"
      }
    },
    {
      "type": "Feature",
      "geometry": {
        "type": "Point",
        "coordinates": [
          4.742799997329712,
          52.624668740886335
        ]
      },
      "properties": {
        "date": "2024-01-01",
        "severity": "materieel",
        "year": 2024,
        "count": 1,
        "description": "",
        "firstSeen": "2024-01-01",
        "starId": 88958,
        "area": "schoolzone"
      }
    },
    {
      "type": "Feature",
      "geometry": {
        "type": "Point",
        "coordinates": [
          4.743792414665222,
          52.618373700316056
        ]
      },
      "properties": {
        "date": "2024-01-01",
        "severity": "letsel",
        "year": 2024,
        "count": 1,
        "description": "",
        "firstSeen": "2024-01-01",
        "starId": 89098,
        "area": "schoolzone"
      }
    },
    {
      "type": "Feature",
      "geometry": {
        "type": "Point",
        "coordinates": [
          4.744430780410767,
          52.61828902210479
        ]
      },
      "properties": {
        "date": "2024-01-01",
        "severity": "materieel",
        "year": 2024,
        "count": 1,
        "description": "",
        "firstSeen": "2024-01-01",
        "starId": 89185,
        "area": "schoolzone"
      }
    },
    {
      "type": "Feature",
      "geometry": {
        "type": "Point",
        "coordinates": [
          4.744516611099243,
          52.61823365549347
        ]
      },
      "properties": {
        "date": "2024-01-01",
        "severity": "letsel",
        "year": 2024,
        "count": 2,
        "description": "",
        "firstSeen": "2024-01-01",
        "starId": 89196,
        "area": "schoolzone"
      }
    },
    {
      "type": "Feature",
      "geometry": {
        "type": "Point",
        "coordinates": [
          4.746050834655762,
          52.61866681593651
        ]
      },
      "properties": {
        "date": "2024-01-01",
        "severity": "letsel",
        "year": 2024,
        "count": 1,
        "description": "",
        "firstSeen": "2024-01-01",
        "starId": 89461,
        "area": "schoolzone"
      }
    },
    {
      "type": "Feature",
      "geometry": {
        "type": "Point",
        "coordinates": [
          4.747257828712463,
          52.619787150887504
        ]
      },
      "properties": {
        "date": "2024-01-01",
        "severity": "materieel",
        "year": 2024,
        "count": 1,
        "description": "",
        "firstSeen": "2024-01-01",
        "starId": 89668,
        "area": "schoolzone"
      }
    },
    {
      "type": "Feature",
      "geometry": {
        "type": "Point",
        "coordinates": [
          4.747467041015625,
          52.62056876294301
        ]
      },
      "properties": {
        "date": "2024-01-01",
        "severity": "letsel",
        "year": 2024,
        "count": 1,
        "description": "",
        "firstSeen": "2024-01-01",
        "starId": 89688,
        "area": "schoolzone"
      }
    },
    {
      "type": "Feature",
      "geometry": {
        "type": "Point",
        "coordinates": [
          4.747547507286072,
          52.620119337716375
        ]
      },
      "properties": {
        "date": "2024-01-01",
        "severity": "letsel",
        "year": 2024,
        "count": 3,
        "description": "",
        "firstSeen": "2024-01-01",
        "starId": 89702,
        "area": "schoolzone"
      }
    },
    {
      "type": "Feature",
      "geometry": {
        "type": "Point",
        "coordinates": [
          4.7475796937942505,
          52.61999558213358
        ]
      },
      "properties": {
        "date": "2024-01-01",
        "severity": "letsel",
        "year": 2024,
        "count": 1,
        "description": "",
        "firstSeen": "2024-01-01",
        "starId": 89709,
        "area": "schoolzone"
      }
    },
    {
      "type": "Feature",
      "geometry": {
        "type": "Point",
        "coordinates": [
          4.747574329376221,
          52.62030822714186
        ]
      },
      "properties": {
        "date": "2024-01-01",
        "severity": "materieel",
        "year": 2024,
        "count": 1,
        "description": "",
        "firstSeen": "2024-01-01",
        "starId": 89710,
        "area": "schoolzone"
      }
    },
    {
      "type": "Feature",
      "geometry": {
        "type": "Point",
        "coordinates": [
          4.748116135597229,
          52.61982623182175
        ]
      },
      "properties": {
        "date": "2024-01-01",
        "severity": "materieel",
        "year": 2024,
        "count": 1,
        "description": "",
        "firstSeen": "2024-01-01",
        "starId": 89780,
        "area": "schoolzone"
      }
    },
    {
      "type": "Feature",
      "geometry": {
        "type": "Point",
        "coordinates": [
          4.748132228851318,
          52.620536196052655
        ]
      },
      "properties": {
        "date": "2024-01-01",
        "severity": "materieel",
        "year": 2024,
        "count": 1,
        "description": "",
        "firstSeen": "2024-01-01",
        "starId": 89790,
        "area": "schoolzone"
      }
    },
    {
      "type": "Feature",
      "geometry": {
        "type": "Point",
        "coordinates": [
          4.748556017875671,
          52.62104423678272
        ]
      },
      "properties": {
        "date": "2024-01-01",
        "severity": "letsel",
        "year": 2024,
        "count": 1,
        "description": "",
        "firstSeen": "2024-01-01",
        "starId": 89857,
        "area": "schoolzone"
      }
    },
    {
      "type": "Feature",
      "geometry": {
        "type": "Point",
        "coordinates": [
          4.748674035072327,
          52.61788842680804
        ]
      },
      "properties": {
        "date": "2024-01-01",
        "severity": "letsel",
        "year": 2024,
        "count": 1,
        "description": "",
        "firstSeen": "2024-01-01",
        "starId": 89864,
        "area": "schoolzone"
      }
    },
    {
      "type": "Feature",
      "geometry": {
        "type": "Point",
        "coordinates": [
          4.748749136924744,
          52.624828303351734
        ]
      },
      "properties": {
        "date": "2024-01-01",
        "severity": "letsel",
        "year": 2024,
        "count": 1,
        "description": "",
        "firstSeen": "2024-01-01",
        "starId": 89891,
        "area": "schoolzone"
      }
    },
    {
      "type": "Feature",
      "geometry": {
        "type": "Point",
        "coordinates": [
          4.750015139579773,
          52.6189110774543
        ]
      },
      "properties": {
        "date": "2024-01-01",
        "severity": "materieel",
        "year": 2024,
        "count": 1,
        "description": "",
        "firstSeen": "2024-01-01",
        "starId": 90073,
        "area": "schoolzone"
      }
    },
    {
      "type": "Feature",
      "geometry": {
        "type": "Point",
        "coordinates": [
          4.750074148178101,
          52.62298190210055
        ]
      },
      "properties": {
        "date": "2024-01-01",
        "severity": "materieel",
        "year": 2024,
        "count": 1,
        "description": "",
        "firstSeen": "2024-01-01",
        "starId": 90095,
        "area": "schoolzone"
      }
    },
    {
      "type": "Feature",
      "geometry": {
        "type": "Point",
        "coordinates": [
          4.750546216964722,
          52.61709048216389
        ]
      },
      "properties": {
        "date": "2024-01-01",
        "severity": "materieel",
        "year": 2024,
        "count": 1,
        "description": "",
        "firstSeen": "2024-01-01",
        "starId": 90148,
        "area": "schoolzone"
      }
    },
    {
      "type": "Feature",
      "geometry": {
        "type": "Point",
        "coordinates": [
          4.76756751537323,
          52.674085731602986
        ]
      },
      "properties": {
        "date": "2024-01-01",
        "severity": "letsel",
        "year": 2024,
        "count": 1,
        "description": "",
        "firstSeen": "2024-01-01",
        "starId": 92978,
        "area": "schoolzone"
      }
    },
    {
      "type": "Feature",
      "geometry": {
        "type": "Point",
        "coordinates": [
          4.769214391708374,
          52.67042953842977
        ]
      },
      "properties": {
        "date": "2024-01-01",
        "severity": "materieel",
        "year": 2024,
        "count": 1,
        "description": "",
        "firstSeen": "2024-01-01",
        "starId": 93194,
        "area": "schoolzone"
      }
    },
    {
      "type": "Feature",
      "geometry": {
        "type": "Point",
        "coordinates": [
          4.751109480857849,
          52.6598365615277
        ]
      },
      "properties": {
        "date": "2024-01-01",
        "severity": "letsel",
        "year": 2024,
        "count": 1,
        "description": "",
        "firstSeen": "2024-01-01",
        "starId": 90350,
        "area": "schoolzone"
      }
    },
    {
      "type": "Feature",
      "geometry": {
        "type": "Point",
        "coordinates": [
          4.7514742612838745,
          52.66012614570488
        ]
      },
      "properties": {
        "date": "2024-01-01",
        "severity": "materieel",
        "year": 2024,
        "count": 1,
        "description": "",
        "firstSeen": "2024-01-01",
        "starId": 90412,
        "area": "schoolzone"
      }
    },
    {
      "type": "Feature",
      "geometry": {
        "type": "Point",
        "coordinates": [
          4.75658655166626,
          52.65809576228099
        ]
      },
      "properties": {
        "date": "2024-01-01",
        "severity": "letsel",
        "year": 2024,
        "count": 2,
        "description": "",
        "firstSeen": "2024-01-01",
        "starId": 91278,
        "area": "schoolzone"
      }
    },
    {
      "type": "Feature",
      "geometry": {
        "type": "Point",
        "coordinates": [
          4.7578418254852295,
          52.655128109169056
        ]
      },
      "properties": {
        "date": "2024-01-01",
        "severity": "materieel",
        "year": 2024,
        "count": 1,
        "description": "",
        "firstSeen": "2024-01-01",
        "starId": 91487,
        "area": "schoolzone"
      }
    },
    {
      "type": "Feature",
      "geometry": {
        "type": "Point",
        "coordinates": [
          4.758174419403076,
          52.666148410980014
        ]
      },
      "properties": {
        "date": "2024-01-01",
        "severity": "materieel",
        "year": 2024,
        "count": 1,
        "description": "",
        "firstSeen": "2024-01-01",
        "starId": 91564,
        "area": "schoolzone"
      }
    },
    {
      "type": "Feature",
      "geometry": {
        "type": "Point",
        "coordinates": [
          4.758893251419067,
          52.6551606503175
        ]
      },
      "properties": {
        "date": "2024-01-01",
        "severity": "materieel",
        "year": 2024,
        "count": 1,
        "description": "",
        "firstSeen": "2024-01-01",
        "starId": 91640,
        "area": "schoolzone"
      }
    },
    {
      "type": "Feature",
      "geometry": {
        "type": "Point",
        "coordinates": [
          4.759477972984314,
          52.65750029541152
        ]
      },
      "properties": {
        "date": "2024-01-01",
        "severity": "materieel",
        "year": 2024,
        "count": 1,
        "description": "",
        "firstSeen": "2024-01-01",
        "starId": 91723,
        "area": "schoolzone"
      }
    },
    {
      "type": "Feature",
      "geometry": {
        "type": "Point",
        "coordinates": [
          4.763377904891968,
          52.66584910674905
        ]
      },
      "properties": {
        "date": "2024-01-01",
        "severity": "letsel",
        "year": 2024,
        "count": 1,
        "description": "",
        "firstSeen": "2024-01-01",
        "starId": 92280,
        "area": "schoolzone"
      }
    },
    {
      "type": "Feature",
      "geometry": {
        "type": "Point",
        "coordinates": [
          4.765169620513916,
          52.65435687686184
        ]
      },
      "properties": {
        "date": "2024-01-01",
        "severity": "letsel",
        "year": 2024,
        "count": 1,
        "description": "",
        "firstSeen": "2024-01-01",
        "starId": 92581,
        "area": "schoolzone"
      }
    },
    {
      "type": "Feature",
      "geometry": {
        "type": "Point",
        "coordinates": [
          4.767610430717468,
          52.6647950190052
        ]
      },
      "properties": {
        "date": "2024-01-01",
        "severity": "materieel",
        "year": 2024,
        "count": 1,
        "description": "",
        "firstSeen": "2024-01-01",
        "starId": 92966,
        "area": "schoolzone"
      }
    },
    {
      "type": "Feature",
      "geometry": {
        "type": "Point",
        "coordinates": [
          4.7685706615448,
          52.6562247325252
        ]
      },
      "properties": {
        "date": "2024-01-01",
        "severity": "materieel",
        "year": 2024,
        "count": 2,
        "description": "",
        "firstSeen": "2024-01-01",
        "starId": 93078,
        "area": "schoolzone"
      }
    },
    {
      "type": "Feature",
      "geometry": {
        "type": "Point",
        "coordinates": [
          4.769638180732727,
          52.658001399219614
        ]
      },
      "properties": {
        "date": "2024-01-01",
        "severity": "materieel",
        "year": 2024,
        "count": 1,
        "description": "",
        "firstSeen": "2024-01-01",
        "starId": 93239,
        "area": "schoolzone"
      }
    },
    {
      "type": "Feature",
      "geometry": {
        "type": "Point",
        "coordinates": [
          4.771381616592407,
          52.6664672327974
        ]
      },
      "properties": {
        "date": "2024-01-01",
        "severity": "letsel",
        "year": 2024,
        "count": 1,
        "description": "",
        "firstSeen": "2024-01-01",
        "starId": 93536,
        "area": "schoolzone"
      }
    },
    {
      "type": "Feature",
      "geometry": {
        "type": "Point",
        "coordinates": [
          4.752466678619385,
          52.64779271628311
        ]
      },
      "properties": {
        "date": "2024-01-01",
        "severity": "dodelijk",
        "year": 2024,
        "count": 1,
        "description": "",
        "firstSeen": "2024-01-01",
        "starId": 90525,
        "area": "schoolzone"
      }
    },
    {
      "type": "Feature",
      "geometry": {
        "type": "Point",
        "coordinates": [
          4.752895832061768,
          52.641403348018656
        ]
      },
      "properties": {
        "date": "2024-01-01",
        "severity": "materieel",
        "year": 2024,
        "count": 1,
        "description": "",
        "firstSeen": "2024-01-01",
        "starId": 90586,
        "area": "schoolzone"
      }
    },
    {
      "type": "Feature",
      "geometry": {
        "type": "Point",
        "coordinates": [
          4.754472970962524,
          52.64397483108115
        ]
      },
      "properties": {
        "date": "2024-01-01",
        "severity": "materieel",
        "year": 2024,
        "count": 1,
        "description": "",
        "firstSeen": "2024-01-01",
        "starId": 90858,
        "area": "schoolzone"
      }
    },
    {
      "type": "Feature",
      "geometry": {
        "type": "Point",
        "coordinates": [
          4.755567312240601,
          52.641706074762055
        ]
      },
      "properties": {
        "date": "2024-01-01",
        "severity": "letsel",
        "year": 2024,
        "count": 4,
        "description": "",
        "firstSeen": "2024-01-01",
        "starId": 91071,
        "area": "schoolzone"
      }
    },
    {
      "type": "Feature",
      "geometry": {
        "type": "Point",
        "coordinates": [
          4.758297801017761,
          52.65319837576172
        ]
      },
      "properties": {
        "date": "2024-01-01",
        "severity": "materieel",
        "year": 2024,
        "count": 1,
        "description": "",
        "firstSeen": "2024-01-01",
        "starId": 91555,
        "area": "schoolzone"
      }
    },
    {
      "type": "Feature",
      "geometry": {
        "type": "Point",
        "coordinates": [
          4.758426547050476,
          52.653396885152034
        ]
      },
      "properties": {
        "date": "2024-01-01",
        "severity": "letsel",
        "year": 2024,
        "count": 3,
        "description": "",
        "firstSeen": "2024-01-01",
        "starId": 91581,
        "area": "schoolzone"
      }
    },
    {
      "type": "Feature",
      "geometry": {
        "type": "Point",
        "coordinates": [
          4.76107656955719,
          52.65213421989358
        ]
      },
      "properties": {
        "date": "2024-01-01",
        "severity": "letsel",
        "year": 2024,
        "count": 1,
        "description": "",
        "firstSeen": "2024-01-01",
        "starId": 91929,
        "area": "schoolzone"
      }
    },
    {
      "type": "Feature",
      "geometry": {
        "type": "Point",
        "coordinates": [
          4.7628843784332275,
          52.642337562515195
        ]
      },
      "properties": {
        "date": "2024-01-01",
        "severity": "letsel",
        "year": 2024,
        "count": 4,
        "description": "",
        "firstSeen": "2024-01-01",
        "starId": 92165,
        "area": "schoolzone"
      }
    },
    {
      "type": "Feature",
      "geometry": {
        "type": "Point",
        "coordinates": [
          4.763876795768738,
          52.64318712701575
        ]
      },
      "properties": {
        "date": "2024-01-01",
        "severity": "letsel",
        "year": 2024,
        "count": 1,
        "description": "",
        "firstSeen": "2024-01-01",
        "starId": 92317,
        "area": "schoolzone"
      }
    },
    {
      "type": "Feature",
      "geometry": {
        "type": "Point",
        "coordinates": [
          4.764021635055542,
          52.64355819598751
        ]
      },
      "properties": {
        "date": "2024-01-01",
        "severity": "letsel",
        "year": 2024,
        "count": 1,
        "description": "",
        "firstSeen": "2024-01-01",
        "starId": 92341,
        "area": "schoolzone"
      }
    },
    {
      "type": "Feature",
      "geometry": {
        "type": "Point",
        "coordinates": [
          4.764515161514282,
          52.643154576955766
        ]
      },
      "properties": {
        "date": "2024-01-01",
        "severity": "materieel",
        "year": 2024,
        "count": 1,
        "description": "",
        "firstSeen": "2024-01-01",
        "starId": 92433,
        "area": "schoolzone"
      }
    },
    {
      "type": "Feature",
      "geometry": {
        "type": "Point",
        "coordinates": [
          4.765014052391052,
          52.64322944205753
        ]
      },
      "properties": {
        "date": "2024-01-01",
        "severity": "letsel",
        "year": 2024,
        "count": 1,
        "description": "",
        "firstSeen": "2024-01-01",
        "starId": 92522,
        "area": "schoolzone"
      }
    },
    {
      "type": "Feature",
      "geometry": {
        "type": "Point",
        "coordinates": [
          4.766800403594971,
          52.64335638693723
        ]
      },
      "properties": {
        "date": "2024-01-01",
        "severity": "letsel",
        "year": 2024,
        "count": 2,
        "description": "",
        "firstSeen": "2024-01-01",
        "starId": 92808,
        "area": "schoolzone"
      }
    },
    {
      "type": "Feature",
      "geometry": {
        "type": "Point",
        "coordinates": [
          4.7665053606033325,
          52.63706403445613
        ]
      },
      "properties": {
        "date": "2024-01-01",
        "severity": "materieel",
        "year": 2024,
        "count": 1,
        "description": "",
        "firstSeen": "2024-01-01",
        "starId": 92745,
        "area": "schoolzone"
      }
    },
    {
      "type": "Feature",
      "geometry": {
        "type": "Point",
        "coordinates": [
          4.751147031784058,
          52.616338121035284
        ]
      },
      "properties": {
        "date": "2024-01-01",
        "severity": "materieel",
        "year": 2024,
        "count": 1,
        "description": "",
        "firstSeen": "2024-01-01",
        "starId": 90263,
        "area": "schoolzone"
      }
    },
    {
      "type": "Feature",
      "geometry": {
        "type": "Point",
        "coordinates": [
          4.751302599906921,
          52.617002544517476
        ]
      },
      "properties": {
        "date": "2024-01-01",
        "severity": "materieel",
        "year": 2024,
        "count": 1,
        "description": "",
        "firstSeen": "2024-01-01",
        "starId": 90287,
        "area": "schoolzone"
      }
    },
    {
      "type": "Feature",
      "geometry": {
        "type": "Point",
        "coordinates": [
          4.753544926643372,
          52.625157195577714
        ]
      },
      "properties": {
        "date": "2024-01-01",
        "severity": "letsel",
        "year": 2024,
        "count": 1,
        "description": "",
        "firstSeen": "2024-01-01",
        "starId": 90657,
        "area": "schoolzone"
      }
    },
    {
      "type": "Feature",
      "geometry": {
        "type": "Point",
        "coordinates": [
          4.755240082740784,
          52.62628062067992
        ]
      },
      "properties": {
        "date": "2024-01-01",
        "severity": "letsel",
        "year": 2024,
        "count": 1,
        "description": "",
        "firstSeen": "2024-01-01",
        "starId": 90964,
        "area": "schoolzone"
      }
    },
    {
      "type": "Feature",
      "geometry": {
        "type": "Point",
        "coordinates": [
          4.772910475730896,
          52.66302513548925
        ]
      },
      "properties": {
        "date": "2024-01-01",
        "severity": "materieel",
        "year": 2024,
        "count": 1,
        "description": "",
        "firstSeen": "2024-01-01",
        "starId": 93769,
        "area": "schoolzone"
      }
    },
    {
      "type": "Feature",
      "geometry": {
        "type": "Point",
        "coordinates": [
          4.773387908935547,
          52.66387104464087
        ]
      },
      "properties": {
        "date": "2024-01-01",
        "severity": "materieel",
        "year": 2024,
        "count": 1,
        "description": "",
        "firstSeen": "2024-01-01",
        "starId": 93846,
        "area": "schoolzone"
      }
    },
    {
      "type": "Feature",
      "geometry": {
        "type": "Point",
        "coordinates": [
          4.774090647697449,
          52.63366194600138
        ]
      },
      "properties": {
        "date": "2024-01-01",
        "severity": "letsel",
        "year": 2024,
        "count": 1,
        "description": "",
        "firstSeen": "2024-01-01",
        "starId": 93889,
        "area": "schoolzone"
      }
    },
    {
      "type": "Feature",
      "geometry": {
        "type": "Point",
        "coordinates": [
          4.77480411529541,
          52.636412937519395
        ]
      },
      "properties": {
        "date": "2024-01-01",
        "severity": "materieel",
        "year": 2024,
        "count": 1,
        "description": "",
        "firstSeen": "2024-01-01",
        "starId": 93996,
        "area": "schoolzone"
      }
    },
    {
      "type": "Feature",
      "geometry": {
        "type": "Point",
        "coordinates": [
          4.775517582893372,
          52.636201328928536
        ]
      },
      "properties": {
        "date": "2024-01-01",
        "severity": "materieel",
        "year": 2024,
        "count": 1,
        "description": "",
        "firstSeen": "2024-01-01",
        "starId": 94114,
        "area": "schoolzone"
      }
    },
    {
      "type": "Feature",
      "geometry": {
        "type": "Point",
        "coordinates": [
          4.775528311729431,
          52.636201328928536
        ]
      },
      "properties": {
        "date": "2024-01-01",
        "severity": "materieel",
        "year": 2024,
        "count": 1,
        "description": "",
        "firstSeen": "2024-01-01",
        "starId": 94119,
        "area": "schoolzone"
      }
    },
    {
      "type": "Feature",
      "geometry": {
        "type": "Point",
        "coordinates": [
          4.775855541229248,
          52.629956787029556
        ]
      },
      "properties": {
        "date": "2024-01-01",
        "severity": "materieel",
        "year": 2024,
        "count": 1,
        "description": "",
        "firstSeen": "2024-01-01",
        "starId": 94155,
        "area": "schoolzone"
      }
    },
    {
      "type": "Feature",
      "geometry": {
        "type": "Point",
        "coordinates": [
          4.776037931442261,
          52.63257452413947
        ]
      },
      "properties": {
        "date": "2024-01-01",
        "severity": "letsel",
        "year": 2024,
        "count": 1,
        "description": "",
        "firstSeen": "2024-01-01",
        "starId": 94195,
        "area": "schoolzone"
      }
    },
    {
      "type": "Feature",
      "geometry": {
        "type": "Point",
        "coordinates": [
          4.807569980621338,
          52.552160760839485
        ]
      },
      "properties": {
        "date": "2024-01-01",
        "severity": "materieel",
        "year": 2024,
        "count": 1,
        "description": "",
        "firstSeen": "2024-01-01",
        "starId": 98403,
        "area": "schoolzone"
      }
    },
    {
      "type": "Feature",
      "geometry": {
        "type": "Point",
        "coordinates": [
          4.891142249107361,
          52.59898463024635
        ]
      },
      "properties": {
        "date": "2024-01-01",
        "severity": "letsel",
        "year": 2024,
        "count": 1,
        "description": "",
        "firstSeen": "2024-01-01",
        "starId": 110860,
        "area": "schoolzone"
      }
    },
    {
      "type": "Feature",
      "geometry": {
        "type": "Point",
        "coordinates": [
          4.723675847053528,
          52.64136103121018
        ]
      },
      "properties": {
        "date": "2023-01-01",
        "severity": "materieel",
        "year": 2023,
        "count": 1,
        "description": "",
        "firstSeen": "2023-01-01",
        "starId": 86600,
        "area": "schoolzone"
      }
    },
    {
      "type": "Feature",
      "geometry": {
        "type": "Point",
        "coordinates": [
          4.726583361625671,
          52.64143915451692
        ]
      },
      "properties": {
        "date": "2023-01-01",
        "severity": "materieel",
        "year": 2023,
        "count": 1,
        "description": "",
        "firstSeen": "2023-01-01",
        "starId": 86933,
        "area": "schoolzone"
      }
    },
    {
      "type": "Feature",
      "geometry": {
        "type": "Point",
        "coordinates": [
          4.719555974006653,
          52.63535162874186
        ]
      },
      "properties": {
        "date": "2023-01-01",
        "severity": "materieel",
        "year": 2023,
        "count": 1,
        "description": "",
        "firstSeen": "2023-01-01",
        "starId": 86114,
        "area": "schoolzone"
      }
    },
    {
      "type": "Feature",
      "geometry": {
        "type": "Point",
        "coordinates": [
          4.723842144012451,
          52.63108008892692
        ]
      },
      "properties": {
        "date": "2023-01-01",
        "severity": "letsel",
        "year": 2023,
        "count": 2,
        "description": "",
        "firstSeen": "2023-01-01",
        "starId": 86603,
        "area": "schoolzone"
      }
    },
    {
      "type": "Feature",
      "geometry": {
        "type": "Point",
        "coordinates": [
          4.724984765052795,
          52.63967809110014
        ]
      },
      "properties": {
        "date": "2023-01-01",
        "severity": "materieel",
        "year": 2023,
        "count": 1,
        "description": "",
        "firstSeen": "2023-01-01",
        "starId": 86756,
        "area": "schoolzone"
      }
    },
    {
      "type": "Feature",
      "geometry": {
        "type": "Point",
        "coordinates": [
          4.725097417831421,
          52.63318335348177
        ]
      },
      "properties": {
        "date": "2023-01-01",
        "severity": "materieel",
        "year": 2023,
        "count": 1,
        "description": "",
        "firstSeen": "2023-01-01",
        "starId": 86759,
        "area": "schoolzone"
      }
    },
    {
      "type": "Feature",
      "geometry": {
        "type": "Point",
        "coordinates": [
          4.72562313079834,
          52.64037471246189
        ]
      },
      "properties": {
        "date": "2023-01-01",
        "severity": "materieel",
        "year": 2023,
        "count": 2,
        "description": "",
        "firstSeen": "2023-01-01",
        "starId": 86823,
        "area": "schoolzone"
      }
    },
    {
      "type": "Feature",
      "geometry": {
        "type": "Point",
        "coordinates": [
          4.726781845092773,
          52.63630876111026
        ]
      },
      "properties": {
        "date": "2023-01-01",
        "severity": "materieel",
        "year": 2023,
        "count": 1,
        "description": "",
        "firstSeen": "2023-01-01",
        "starId": 86947,
        "area": "schoolzone"
      }
    },
    {
      "type": "Feature",
      "geometry": {
        "type": "Point",
        "coordinates": [
          4.726899862289429,
          52.64007523174064
        ]
      },
      "properties": {
        "date": "2023-01-01",
        "severity": "materieel",
        "year": 2023,
        "count": 1,
        "description": "",
        "firstSeen": "2023-01-01",
        "starId": 86961,
        "area": "schoolzone"
      }
    },
    {
      "type": "Feature",
      "geometry": {
        "type": "Point",
        "coordinates": [
          4.747359752655029,
          52.657588151689225
        ]
      },
      "properties": {
        "date": "2023-01-01",
        "severity": "materieel",
        "year": 2023,
        "count": 1,
        "description": "",
        "firstSeen": "2023-01-01",
        "starId": 89752,
        "area": "schoolzone"
      }
    },
    {
      "type": "Feature",
      "geometry": {
        "type": "Point",
        "coordinates": [
          4.750320911407471,
          52.659013351084866
        ]
      },
      "properties": {
        "date": "2023-01-01",
        "severity": "letsel",
        "year": 2023,
        "count": 1,
        "description": "",
        "firstSeen": "2023-01-01",
        "starId": 90227,
        "area": "schoolzone"
      }
    },
    {
      "type": "Feature",
      "geometry": {
        "type": "Point",
        "coordinates": [
          4.739211201667786,
          52.65099193202079
        ]
      },
      "properties": {
        "date": "2023-01-01",
        "severity": "letsel",
        "year": 2023,
        "count": 1,
        "description": "",
        "firstSeen": "2023-01-01",
        "starId": 88494,
        "area": "schoolzone"
      }
    },
    {
      "type": "Feature",
      "geometry": {
        "type": "Point",
        "coordinates": [
          4.748765230178833,
          52.64729475015832
        ]
      },
      "properties": {
        "date": "2023-01-01",
        "severity": "materieel",
        "year": 2023,
        "count": 1,
        "description": "",
        "firstSeen": "2023-01-01",
        "starId": 89954,
        "area": "schoolzone"
      }
    },
    {
      "type": "Feature",
      "geometry": {
        "type": "Point",
        "coordinates": [
          4.748808145523071,
          52.647151543164114
        ]
      },
      "properties": {
        "date": "2023-01-01",
        "severity": "materieel",
        "year": 2023,
        "count": 1,
        "description": "",
        "firstSeen": "2023-01-01",
        "starId": 89961,
        "area": "schoolzone"
      }
    },
    {
      "type": "Feature",
      "geometry": {
        "type": "Point",
        "coordinates": [
          4.728782773017883,
          52.63456702502609
        ]
      },
      "properties": {
        "date": "2023-01-01",
        "severity": "letsel",
        "year": 2023,
        "count": 1,
        "description": "",
        "firstSeen": "2023-01-01",
        "starId": 87217,
        "area": "schoolzone"
      }
    },
    {
      "type": "Feature",
      "geometry": {
        "type": "Point",
        "coordinates": [
          4.731234312057495,
          52.6358236864385
        ]
      },
      "properties": {
        "date": "2023-01-01",
        "severity": "dodelijk",
        "year": 2023,
        "count": 1,
        "description": "",
        "firstSeen": "2023-01-01",
        "starId": 87526,
        "area": "schoolzone"
      }
    },
    {
      "type": "Feature",
      "geometry": {
        "type": "Point",
        "coordinates": [
          4.732736349105835,
          52.64001012696471
        ]
      },
      "properties": {
        "date": "2023-01-01",
        "severity": "materieel",
        "year": 2023,
        "count": 1,
        "description": "",
        "firstSeen": "2023-01-01",
        "starId": 87705,
        "area": "schoolzone"
      }
    },
    {
      "type": "Feature",
      "geometry": {
        "type": "Point",
        "coordinates": [
          4.736174941062927,
          52.633271258622784
        ]
      },
      "properties": {
        "date": "2023-01-01",
        "severity": "materieel",
        "year": 2023,
        "count": 1,
        "description": "",
        "firstSeen": "2023-01-01",
        "starId": 88081,
        "area": "schoolzone"
      }
    },
    {
      "type": "Feature",
      "geometry": {
        "type": "Point",
        "coordinates": [
          4.736453890800476,
          52.633290793074565
        ]
      },
      "properties": {
        "date": "2023-01-01",
        "severity": "letsel",
        "year": 2023,
        "count": 1,
        "description": "",
        "firstSeen": "2023-01-01",
        "starId": 88110,
        "area": "schoolzone"
      }
    },
    {
      "type": "Feature",
      "geometry": {
        "type": "Point",
        "coordinates": [
          4.737972021102905,
          52.6356511418021
        ]
      },
      "properties": {
        "date": "2023-01-01",
        "severity": "letsel",
        "year": 2023,
        "count": 1,
        "description": "",
        "firstSeen": "2023-01-01",
        "starId": 88291,
        "area": "schoolzone"
      }
    },
    {
      "type": "Feature",
      "geometry": {
        "type": "Point",
        "coordinates": [
          4.738047122955322,
          52.63569671969671
        ]
      },
      "properties": {
        "date": "2023-01-01",
        "severity": "letsel",
        "year": 2023,
        "count": 1,
        "description": "",
        "firstSeen": "2023-01-01",
        "starId": 88302,
        "area": "schoolzone"
      }
    },
    {
      "type": "Feature",
      "geometry": {
        "type": "Point",
        "coordinates": [
          4.738653302192688,
          52.6354330183633
        ]
      },
      "properties": {
        "date": "2023-01-01",
        "severity": "materieel",
        "year": 2023,
        "count": 2,
        "description": "",
        "firstSeen": "2023-01-01",
        "starId": 88372,
        "area": "schoolzone"
      }
    },
    {
      "type": "Feature",
      "geometry": {
        "type": "Point",
        "coordinates": [
          4.738910794258118,
          52.634137277607806
        ]
      },
      "properties": {
        "date": "2023-01-01",
        "severity": "materieel",
        "year": 2023,
        "count": 1,
        "description": "",
        "firstSeen": "2023-01-01",
        "starId": 88409,
        "area": "schoolzone"
      }
    },
    {
      "type": "Feature",
      "geometry": {
        "type": "Point",
        "coordinates": [
          4.739243388175964,
          52.634544235496236
        ]
      },
      "properties": {
        "date": "2023-01-01",
        "severity": "materieel",
        "year": 2023,
        "count": 1,
        "description": "",
        "firstSeen": "2023-01-01",
        "starId": 88458,
        "area": "schoolzone"
      }
    },
    {
      "type": "Feature",
      "geometry": {
        "type": "Point",
        "coordinates": [
          4.739291667938232,
          52.6352018714428
        ]
      },
      "properties": {
        "date": "2023-01-01",
        "severity": "materieel",
        "year": 2023,
        "count": 1,
        "description": "",
        "firstSeen": "2023-01-01",
        "starId": 88469,
        "area": "schoolzone"
      }
    },
    {
      "type": "Feature",
      "geometry": {
        "type": "Point",
        "coordinates": [
          4.739506244659424,
          52.63292940430472
        ]
      },
      "properties": {
        "date": "2023-01-01",
        "severity": "materieel",
        "year": 2023,
        "count": 1,
        "description": "",
        "firstSeen": "2023-01-01",
        "starId": 88502,
        "area": "schoolzone"
      }
    },
    {
      "type": "Feature",
      "geometry": {
        "type": "Point",
        "coordinates": [
          4.739586710929871,
          52.634169834378184
        ]
      },
      "properties": {
        "date": "2023-01-01",
        "severity": "letsel",
        "year": 2023,
        "count": 1,
        "description": "",
        "firstSeen": "2023-01-01",
        "starId": 88514,
        "area": "schoolzone"
      }
    },
    {
      "type": "Feature",
      "geometry": {
        "type": "Point",
        "coordinates": [
          4.740257263183594,
          52.63483724283205
        ]
      },
      "properties": {
        "date": "2023-01-01",
        "severity": "letsel",
        "year": 2023,
        "count": 1,
        "description": "",
        "firstSeen": "2023-01-01",
        "starId": 88616,
        "area": "schoolzone"
      }
    },
    {
      "type": "Feature",
      "geometry": {
        "type": "Point",
        "coordinates": [
          4.740294814109802,
          52.63426424887524
        ]
      },
      "properties": {
        "date": "2023-01-01",
        "severity": "materieel",
        "year": 2023,
        "count": 1,
        "description": "",
        "firstSeen": "2023-01-01",
        "starId": 88620,
        "area": "schoolzone"
      }
    },
    {
      "type": "Feature",
      "geometry": {
        "type": "Point",
        "coordinates": [
          4.740525484085083,
          52.62771335288156
        ]
      },
      "properties": {
        "date": "2023-01-01",
        "severity": "letsel",
        "year": 2023,
        "count": 1,
        "description": "",
        "firstSeen": "2023-01-01",
        "starId": 88639,
        "area": "schoolzone"
      }
    },
    {
      "type": "Feature",
      "geometry": {
        "type": "Point",
        "coordinates": [
          4.740466475486755,
          52.634749340837345
        ]
      },
      "properties": {
        "date": "2023-01-01",
        "severity": "materieel",
        "year": 2023,
        "count": 1,
        "description": "",
        "firstSeen": "2023-01-01",
        "starId": 88645,
        "area": "schoolzone"
      }
    },
    {
      "type": "Feature",
      "geometry": {
        "type": "Point",
        "coordinates": [
          4.740772247314453,
          52.63094985250362
        ]
      },
      "properties": {
        "date": "2023-01-01",
        "severity": "materieel",
        "year": 2023,
        "count": 1,
        "description": "",
        "firstSeen": "2023-01-01",
        "starId": 88691,
        "area": "schoolzone"
      }
    },
    {
      "type": "Feature",
      "geometry": {
        "type": "Point",
        "coordinates": [
          4.741029739379883,
          52.63451819030476
        ]
      },
      "properties": {
        "date": "2023-01-01",
        "severity": "materieel",
        "year": 2023,
        "count": 1,
        "description": "",
        "firstSeen": "2023-01-01",
        "starId": 88735,
        "area": "schoolzone"
      }
    },
    {
      "type": "Feature",
      "geometry": {
        "type": "Point",
        "coordinates": [
          4.741550087928772,
          52.63427076021239
        ]
      },
      "properties": {
        "date": "2023-01-01",
        "severity": "letsel",
        "year": 2023,
        "count": 3,
        "description": "",
        "firstSeen": "2023-01-01",
        "starId": 88808,
        "area": "schoolzone"
      }
    },
    {
      "type": "Feature",
      "geometry": {
        "type": "Point",
        "coordinates": [
          4.741764664649963,
          52.629012539939055
        ]
      },
      "properties": {
        "date": "2023-01-01",
        "severity": "letsel",
        "year": 2023,
        "count": 2,
        "description": "",
        "firstSeen": "2023-01-01",
        "starId": 88828,
        "area": "schoolzone"
      }
    },
    {
      "type": "Feature",
      "geometry": {
        "type": "Point",
        "coordinates": [
          4.741818308830261,
          52.62717933999875
        ]
      },
      "properties": {
        "date": "2023-01-01",
        "severity": "materieel",
        "year": 2023,
        "count": 1,
        "description": "",
        "firstSeen": "2023-01-01",
        "starId": 88833,
        "area": "schoolzone"
      }
    },
    {
      "type": "Feature",
      "geometry": {
        "type": "Point",
        "coordinates": [
          4.742220640182495,
          52.629106965565
        ]
      },
      "properties": {
        "date": "2023-01-01",
        "severity": "letsel",
        "year": 2023,
        "count": 2,
        "description": "",
        "firstSeen": "2023-01-01",
        "starId": 88894,
        "area": "schoolzone"
      }
    },
    {
      "type": "Feature",
      "geometry": {
        "type": "Point",
        "coordinates": [
          4.742199182510376,
          52.63447261118236
        ]
      },
      "properties": {
        "date": "2023-01-01",
        "severity": "materieel",
        "year": 2023,
        "count": 3,
        "description": "",
        "firstSeen": "2023-01-01",
        "starId": 88906,
        "area": "schoolzone"
      }
    },
    {
      "type": "Feature",
      "geometry": {
        "type": "Point",
        "coordinates": [
          4.742569327354431,
          52.62726400101238
        ]
      },
      "properties": {
        "date": "2023-01-01",
        "severity": "letsel",
        "year": 2023,
        "count": 1,
        "description": "",
        "firstSeen": "2023-01-01",
        "starId": 88934,
        "area": "schoolzone"
      }
    },
    {
      "type": "Feature",
      "geometry": {
        "type": "Point",
        "coordinates": [
          4.74185585975647,
          52.6265411209327
        ]
      },
      "properties": {
        "date": "2023-01-01",
        "severity": "materieel",
        "year": 2023,
        "count": 1,
        "description": "",
        "firstSeen": "2023-01-01",
        "starId": 88838,
        "area": "schoolzone"
      }
    },
    {
      "type": "Feature",
      "geometry": {
        "type": "Point",
        "coordinates": [
          4.743481278419495,
          52.619389826075604
        ]
      },
      "properties": {
        "date": "2023-01-01",
        "severity": "materieel",
        "year": 2023,
        "count": 1,
        "description": "",
        "firstSeen": "2023-01-01",
        "starId": 89046,
        "area": "schoolzone"
      }
    },
    {
      "type": "Feature",
      "geometry": {
        "type": "Point",
        "coordinates": [
          4.744430780410767,
          52.61828902210479
        ]
      },
      "properties": {
        "date": "2023-01-01",
        "severity": "materieel",
        "year": 2023,
        "count": 1,
        "description": "",
        "firstSeen": "2023-01-01",
        "starId": 89185,
        "area": "schoolzone"
      }
    },
    {
      "type": "Feature",
      "geometry": {
        "type": "Point",
        "coordinates": [
          4.7445327043533325,
          52.626358770918586
        ]
      },
      "properties": {
        "date": "2023-01-01",
        "severity": "letsel",
        "year": 2023,
        "count": 1,
        "description": "",
        "firstSeen": "2023-01-01",
        "starId": 89228,
        "area": "schoolzone"
      }
    },
    {
      "type": "Feature",
      "geometry": {
        "type": "Point",
        "coordinates": [
          4.745299816131592,
          52.62354201794159
        ]
      },
      "properties": {
        "date": "2023-01-01",
        "severity": "letsel",
        "year": 2023,
        "count": 1,
        "description": "",
        "firstSeen": "2023-01-01",
        "starId": 89343,
        "area": "schoolzone"
      }
    },
    {
      "type": "Feature",
      "geometry": {
        "type": "Point",
        "coordinates": [
          4.745927453041077,
          52.61902506569618
        ]
      },
      "properties": {
        "date": "2023-01-01",
        "severity": "materieel",
        "year": 2023,
        "count": 1,
        "description": "",
        "firstSeen": "2023-01-01",
        "starId": 89435,
        "area": "schoolzone"
      }
    },
    {
      "type": "Feature",
      "geometry": {
        "type": "Point",
        "coordinates": [
          4.746002554893494,
          52.62699699264391
        ]
      },
      "properties": {
        "date": "2023-01-01",
        "severity": "letsel",
        "year": 2023,
        "count": 1,
        "description": "",
        "firstSeen": "2023-01-01",
        "starId": 89482,
        "area": "schoolzone"
      }
    },
    {
      "type": "Feature",
      "geometry": {
        "type": "Point",
        "coordinates": [
          4.746469259262085,
          52.62127545849583
        ]
      },
      "properties": {
        "date": "2023-01-01",
        "severity": "letsel",
        "year": 2023,
        "count": 1,
        "description": "",
        "firstSeen": "2023-01-01",
        "starId": 89542,
        "area": "schoolzone"
      }
    },
    {
      "type": "Feature",
      "geometry": {
        "type": "Point",
        "coordinates": [
          4.7472792863845825,
          52.62428774244273
        ]
      },
      "properties": {
        "date": "2023-01-01",
        "severity": "materieel",
        "year": 2023,
        "count": 1,
        "description": "",
        "firstSeen": "2023-01-01",
        "starId": 89675,
        "area": "schoolzone"
      }
    },
    {
      "type": "Feature",
      "geometry": {
        "type": "Point",
        "coordinates": [
          4.747547507286072,
          52.620119337716375
        ]
      },
      "properties": {
        "date": "2023-01-01",
        "severity": "letsel",
        "year": 2023,
        "count": 4,
        "description": "",
        "firstSeen": "2023-01-01",
        "starId": 89702,
        "area": "schoolzone"
      }
    },
    {
      "type": "Feature",
      "geometry": {
        "type": "Point",
        "coordinates": [
          4.747649431228638,
          52.62033753749691
        ]
      },
      "properties": {
        "date": "2023-01-01",
        "severity": "letsel",
        "year": 2023,
        "count": 1,
        "description": "",
        "firstSeen": "2023-01-01",
        "starId": 89723,
        "area": "schoolzone"
      }
    },
    {
      "type": "Feature",
      "geometry": {
        "type": "Point",
        "coordinates": [
          4.748035669326782,
          52.614983187000604
        ]
      },
      "properties": {
        "date": "2023-01-01",
        "severity": "letsel",
        "year": 2023,
        "count": 1,
        "description": "",
        "firstSeen": "2023-01-01",
        "starId": 89756,
        "area": "schoolzone"
      }
    },
    {
      "type": "Feature",
      "geometry": {
        "type": "Point",
        "coordinates": [
          4.747976660728455,
          52.620077000319526
        ]
      },
      "properties": {
        "date": "2023-01-01",
        "severity": "letsel",
        "year": 2023,
        "count": 2,
        "description": "",
        "firstSeen": "2023-01-01",
        "starId": 89759,
        "area": "schoolzone"
      }
    },
    {
      "type": "Feature",
      "geometry": {
        "type": "Point",
        "coordinates": [
          4.748722314834595,
          52.61947124538821
        ]
      },
      "properties": {
        "date": "2023-01-01",
        "severity": "materieel",
        "year": 2023,
        "count": 1,
        "description": "",
        "firstSeen": "2023-01-01",
        "starId": 89878,
        "area": "schoolzone"
      }
    },
    {
      "type": "Feature",
      "geometry": {
        "type": "Point",
        "coordinates": [
          4.74884569644928,
          52.619409366724426
        ]
      },
      "properties": {
        "date": "2023-01-01",
        "severity": "materieel",
        "year": 2023,
        "count": 1,
        "description": "",
        "firstSeen": "2023-01-01",
        "starId": 89895,
        "area": "schoolzone"
      }
    },
    {
      "type": "Feature",
      "geometry": {
        "type": "Point",
        "coordinates": [
          4.7491031885147095,
          52.62187141868861
        ]
      },
      "properties": {
        "date": "2023-01-01",
        "severity": "materieel",
        "year": 2023,
        "count": 1,
        "description": "",
        "firstSeen": "2023-01-01",
        "starId": 89948,
        "area": "schoolzone"
      }
    },
    {
      "type": "Feature",
      "geometry": {
        "type": "Point",
        "coordinates": [
          4.7501760721206665,
          52.61913579684693
        ]
      },
      "properties": {
        "date": "2023-01-01",
        "severity": "letsel",
        "year": 2023,
        "count": 1,
        "description": "",
        "firstSeen": "2023-01-01",
        "starId": 90098,
        "area": "schoolzone"
      }
    },
    {
      "type": "Feature",
      "geometry": {
        "type": "Point",
        "coordinates": [
          4.750642776489258,
          52.61966013761031
        ]
      },
      "properties": {
        "date": "2023-01-01",
        "severity": "materieel",
        "year": 2023,
        "count": 1,
        "description": "",
        "firstSeen": "2023-01-01",
        "starId": 90182,
        "area": "schoolzone"
      }
    },
    {
      "type": "Feature",
      "geometry": {
        "type": "Point",
        "coordinates": [
          4.7507017850875854,
          52.67278463030922
        ]
      },
      "properties": {
        "date": "2023-01-01",
        "severity": "materieel",
        "year": 2023,
        "count": 1,
        "description": "",
        "firstSeen": "2023-01-01",
        "starId": 90312,
        "area": "schoolzone"
      }
    },
    {
      "type": "Feature",
      "geometry": {
        "type": "Point",
        "coordinates": [
          4.754247665405273,
          52.6583072649546
        ]
      },
      "properties": {
        "date": "2023-01-01",
        "severity": "letsel",
        "year": 2023,
        "count": 1,
        "description": "",
        "firstSeen": "2023-01-01",
        "starId": 90855,
        "area": "schoolzone"
      }
    },
    {
      "type": "Feature",
      "geometry": {
        "type": "Point",
        "coordinates": [
          4.75658655166626,
          52.65809576228099
        ]
      },
      "properties": {
        "date": "2023-01-01",
        "severity": "letsel",
        "year": 2023,
        "count": 2,
        "description": "",
        "firstSeen": "2023-01-01",
        "starId": 91278,
        "area": "schoolzone"
      }
    },
    {
      "type": "Feature",
      "geometry": {
        "type": "Point",
        "coordinates": [
          4.756661653518677,
          52.66129422420113
        ]
      },
      "properties": {
        "date": "2023-01-01",
        "severity": "materieel",
        "year": 2023,
        "count": 1,
        "description": "",
        "firstSeen": "2023-01-01",
        "starId": 91295,
        "area": "schoolzone"
      }
    },
    {
      "type": "Feature",
      "geometry": {
        "type": "Point",
        "coordinates": [
          4.7574180364608765,
          52.65908818903847
        ]
      },
      "properties": {
        "date": "2023-01-01",
        "severity": "letsel",
        "year": 2023,
        "count": 1,
        "description": "",
        "firstSeen": "2023-01-01",
        "starId": 91429,
        "area": "schoolzone"
      }
    },
    {
      "type": "Feature",
      "geometry": {
        "type": "Point",
        "coordinates": [
          4.758759140968323,
          52.65424948900579
        ]
      },
      "properties": {
        "date": "2023-01-01",
        "severity": "materieel",
        "year": 2023,
        "count": 1,
        "description": "",
        "firstSeen": "2023-01-01",
        "starId": 91622,
        "area": "schoolzone"
      }
    },
    {
      "type": "Feature",
      "geometry": {
        "type": "Point",
        "coordinates": [
          4.758979082107544,
          52.655355896699376
        ]
      },
      "properties": {
        "date": "2023-01-01",
        "severity": "letsel",
        "year": 2023,
        "count": 1,
        "description": "",
        "firstSeen": "2023-01-01",
        "starId": 91652,
        "area": "schoolzone"
      }
    },
    {
      "type": "Feature",
      "geometry": {
        "type": "Point",
        "coordinates": [
          4.759477972984314,
          52.65750029541152
        ]
      },
      "properties": {
        "date": "2023-01-01",
        "severity": "letsel",
        "year": 2023,
        "count": 1,
        "description": "",
        "firstSeen": "2023-01-01",
        "starId": 91723,
        "area": "schoolzone"
      }
    },
    {
      "type": "Feature",
      "geometry": {
        "type": "Point",
        "coordinates": [
          4.761092662811279,
          52.665696200535564
        ]
      },
      "properties": {
        "date": "2023-01-01",
        "severity": "materieel",
        "year": 2023,
        "count": 1,
        "description": "",
        "firstSeen": "2023-01-01",
        "starId": 91952,
        "area": "schoolzone"
      }
    },
    {
      "type": "Feature",
      "geometry": {
        "type": "Point",
        "coordinates": [
          4.7613877058029175,
          52.66156102326673
        ]
      },
      "properties": {
        "date": "2023-01-01",
        "severity": "materieel",
        "year": 2023,
        "count": 1,
        "description": "",
        "firstSeen": "2023-01-01",
        "starId": 91986,
        "area": "schoolzone"
      }
    },
    {
      "type": "Feature",
      "geometry": {
        "type": "Point",
        "coordinates": [
          4.761682748794556,
          52.65933547875662
        ]
      },
      "properties": {
        "date": "2023-01-01",
        "severity": "materieel",
        "year": 2023,
        "count": 1,
        "description": "",
        "firstSeen": "2023-01-01",
        "starId": 92019,
        "area": "schoolzone"
      }
    },
    {
      "type": "Feature",
      "geometry": {
        "type": "Point",
        "coordinates": [
          4.763168692588806,
          52.65788751249488
        ]
      },
      "properties": {
        "date": "2023-01-01",
        "severity": "letsel",
        "year": 2023,
        "count": 3,
        "description": "",
        "firstSeen": "2023-01-01",
        "starId": 92232,
        "area": "schoolzone"
      }
    },
    {
      "type": "Feature",
      "geometry": {
        "type": "Point",
        "coordinates": [
          4.768125414848328,
          52.655440503194086
        ]
      },
      "properties": {
        "date": "2023-01-01",
        "severity": "materieel",
        "year": 2023,
        "count": 1,
        "description": "",
        "firstSeen": "2023-01-01",
        "starId": 93022,
        "area": "schoolzone"
      }
    },
    {
      "type": "Feature",
      "geometry": {
        "type": "Point",
        "coordinates": [
          4.7683775424957275,
          52.655407962253975
        ]
      },
      "properties": {
        "date": "2023-01-01",
        "severity": "materieel",
        "year": 2023,
        "count": 3,
        "description": "",
        "firstSeen": "2023-01-01",
        "starId": 93048,
        "area": "schoolzone"
      }
    },
    {
      "type": "Feature",
      "geometry": {
        "type": "Point",
        "coordinates": [
          4.7685706615448,
          52.6562247325252
        ]
      },
      "properties": {
        "date": "2023-01-01",
        "severity": "materieel",
        "year": 2023,
        "count": 2,
        "description": "",
        "firstSeen": "2023-01-01",
        "starId": 93078,
        "area": "schoolzone"
      }
    },
    {
      "type": "Feature",
      "geometry": {
        "type": "Point",
        "coordinates": [
          4.768597483634949,
          52.65628981316536
        ]
      },
      "properties": {
        "date": "2023-01-01",
        "severity": "materieel",
        "year": 2023,
        "count": 1,
        "description": "",
        "firstSeen": "2023-01-01",
        "starId": 93084,
        "area": "schoolzone"
      }
    },
    {
      "type": "Feature",
      "geometry": {
        "type": "Point",
        "coordinates": [
          4.768779873847961,
          52.65609131691008
        ]
      },
      "properties": {
        "date": "2023-01-01",
        "severity": "materieel",
        "year": 2023,
        "count": 1,
        "description": "",
        "firstSeen": "2023-01-01",
        "starId": 93113,
        "area": "schoolzone"
      }
    },
    {
      "type": "Feature",
      "geometry": {
        "type": "Point",
        "coordinates": [
          4.769638180732727,
          52.658001399219614
        ]
      },
      "properties": {
        "date": "2023-01-01",
        "severity": "materieel",
        "year": 2023,
        "count": 1,
        "description": "",
        "firstSeen": "2023-01-01",
        "starId": 93239,
        "area": "schoolzone"
      }
    },
    {
      "type": "Feature",
      "geometry": {
        "type": "Point",
        "coordinates": [
          4.751946330070496,
          52.64083369524019
        ]
      },
      "properties": {
        "date": "2023-01-01",
        "severity": "materieel",
        "year": 2023,
        "count": 1,
        "description": "",
        "firstSeen": "2023-01-01",
        "starId": 90441,
        "area": "schoolzone"
      }
    },
    {
      "type": "Feature",
      "geometry": {
        "type": "Point",
        "coordinates": [
          4.752402305603027,
          52.6480172873861
        ]
      },
      "properties": {
        "date": "2023-01-01",
        "severity": "letsel",
        "year": 2023,
        "count": 1,
        "description": "",
        "firstSeen": "2023-01-01",
        "starId": 90518,
        "area": "schoolzone"
      }
    },
    {
      "type": "Feature",
      "geometry": {
        "type": "Point",
        "coordinates": [
          4.7529977560043335,
          52.6468944203385
        ]
      },
      "properties": {
        "date": "2023-01-01",
        "severity": "letsel",
        "year": 2023,
        "count": 1,
        "description": "",
        "firstSeen": "2023-01-01",
        "starId": 90619,
        "area": "schoolzone"
      }
    },
    {
      "type": "Feature",
      "geometry": {
        "type": "Point",
        "coordinates": [
          4.753287434577942,
          52.64408549911076
        ]
      },
      "properties": {
        "date": "2023-01-01",
        "severity": "letsel",
        "year": 2023,
        "count": 1,
        "description": "",
        "firstSeen": "2023-01-01",
        "starId": 90661,
        "area": "schoolzone"
      }
    },
    {
      "type": "Feature",
      "geometry": {
        "type": "Point",
        "coordinates": [
          4.754467606544495,
          52.64404643983818
        ]
      },
      "properties": {
        "date": "2023-01-01",
        "severity": "letsel",
        "year": 2023,
        "count": 1,
        "description": "",
        "firstSeen": "2023-01-01",
        "starId": 90859,
        "area": "schoolzone"
      }
    },
    {
      "type": "Feature",
      "geometry": {
        "type": "Point",
        "coordinates": [
          4.755460023880005,
          52.6418395342738
        ]
      },
      "properties": {
        "date": "2023-01-01",
        "severity": "letsel",
        "year": 2023,
        "count": 1,
        "description": "",
        "firstSeen": "2023-01-01",
        "starId": 91047,
        "area": "schoolzone"
      }
    },
    {
      "type": "Feature",
      "geometry": {
        "type": "Point",
        "coordinates": [
          4.755567312240601,
          52.641706074762055
        ]
      },
      "properties": {
        "date": "2023-01-01",
        "severity": "letsel",
        "year": 2023,
        "count": 3,
        "description": "",
        "firstSeen": "2023-01-01",
        "starId": 91071,
        "area": "schoolzone"
      }
    },
    {
      "type": "Feature",
      "geometry": {
        "type": "Point",
        "coordinates": [
          4.758426547050476,
          52.653396885152034
        ]
      },
      "properties": {
        "date": "2023-01-01",
        "severity": "letsel",
        "year": 2023,
        "count": 3,
        "description": "",
        "firstSeen": "2023-01-01",
        "starId": 91581,
        "area": "schoolzone"
      }
    },
    {
      "type": "Feature",
      "geometry": {
        "type": "Point",
        "coordinates": [
          4.758737683296204,
          52.65333505445497
        ]
      },
      "properties": {
        "date": "2023-01-01",
        "severity": "letsel",
        "year": 2023,
        "count": 1,
        "description": "",
        "firstSeen": "2023-01-01",
        "starId": 91619,
        "area": "schoolzone"
      }
    },
    {
      "type": "Feature",
      "geometry": {
        "type": "Point",
        "coordinates": [
          4.761763215065002,
          52.65282088000825
        ]
      },
      "properties": {
        "date": "2023-01-01",
        "severity": "materieel",
        "year": 2023,
        "count": 1,
        "description": "",
        "firstSeen": "2023-01-01",
        "starId": 92017,
        "area": "schoolzone"
      }
    },
    {
      "type": "Feature",
      "geometry": {
        "type": "Point",
        "coordinates": [
          4.7628843784332275,
          52.642337562515195
        ]
      },
      "properties": {
        "date": "2023-01-01",
        "severity": "letsel",
        "year": 2023,
        "count": 3,
        "description": "",
        "firstSeen": "2023-01-01",
        "starId": 92165,
        "area": "schoolzone"
      }
    },
    {
      "type": "Feature",
      "geometry": {
        "type": "Point",
        "coordinates": [
          4.763136506080627,
          52.64139683774309
        ]
      },
      "properties": {
        "date": "2023-01-01",
        "severity": "letsel",
        "year": 2023,
        "count": 1,
        "description": "",
        "firstSeen": "2023-01-01",
        "starId": 92189,
        "area": "schoolzone"
      }
    },
    {
      "type": "Feature",
      "geometry": {
        "type": "Point",
        "coordinates": [
          4.763243794441223,
          52.64216829865097
        ]
      },
      "properties": {
        "date": "2023-01-01",
        "severity": "letsel",
        "year": 2023,
        "count": 1,
        "description": "",
        "firstSeen": "2023-01-01",
        "starId": 92208,
        "area": "schoolzone"
      }
    },
    {
      "type": "Feature",
      "geometry": {
        "type": "Point",
        "coordinates": [
          4.763281345367432,
          52.642448234687635
        ]
      },
      "properties": {
        "date": "2023-01-01",
        "severity": "letsel",
        "year": 2023,
        "count": 2,
        "description": "",
        "firstSeen": "2023-01-01",
        "starId": 92212,
        "area": "schoolzone"
      }
    },
    {
      "type": "Feature",
      "geometry": {
        "type": "Point",
        "coordinates": [
          4.763388633728027,
          52.642376623313936
        ]
      },
      "properties": {
        "date": "2023-01-01",
        "severity": "letsel",
        "year": 2023,
        "count": 1,
        "description": "",
        "firstSeen": "2023-01-01",
        "starId": 92231,
        "area": "schoolzone"
      }
    },
    {
      "type": "Feature",
      "geometry": {
        "type": "Point",
        "coordinates": [
          4.76532518863678,
          52.64325873706247
        ]
      },
      "properties": {
        "date": "2023-01-01",
        "severity": "materieel",
        "year": 2023,
        "count": 1,
        "description": "",
        "firstSeen": "2023-01-01",
        "starId": 92580,
        "area": "schoolzone"
      }
    },
    {
      "type": "Feature",
      "geometry": {
        "type": "Point",
        "coordinates": [
          4.766129851341248,
          52.65206913306724
        ]
      },
      "properties": {
        "date": "2023-01-01",
        "severity": "materieel",
        "year": 2023,
        "count": 1,
        "description": "",
        "firstSeen": "2023-01-01",
        "starId": 92718,
        "area": "schoolzone"
      }
    },
    {
      "type": "Feature",
      "geometry": {
        "type": "Point",
        "coordinates": [
          4.766623377799988,
          52.65291850853279
        ]
      },
      "properties": {
        "date": "2023-01-01",
        "severity": "materieel",
        "year": 2023,
        "count": 2,
        "description": "",
        "firstSeen": "2023-01-01",
        "starId": 92797,
        "area": "schoolzone"
      }
    },
    {
      "type": "Feature",
      "geometry": {
        "type": "Point",
        "coordinates": [
          4.752504229545593,
          52.63885775639409
        ]
      },
      "properties": {
        "date": "2023-01-01",
        "severity": "letsel",
        "year": 2023,
        "count": 1,
        "description": "",
        "firstSeen": "2023-01-01",
        "starId": 90511,
        "area": "schoolzone"
      }
    },
    {
      "type": "Feature",
      "geometry": {
        "type": "Point",
        "coordinates": [
          4.752252101898193,
          52.61552711988415
        ]
      },
      "properties": {
        "date": "2023-01-01",
        "severity": "materieel",
        "year": 2023,
        "count": 1,
        "description": "",
        "firstSeen": "2023-01-01",
        "starId": 90431,
        "area": "schoolzone"
      }
    },
    {
      "type": "Feature",
      "geometry": {
        "type": "Point",
        "coordinates": [
          4.753233790397644,
          52.61610687324222
        ]
      },
      "properties": {
        "date": "2023-01-01",
        "severity": "letsel",
        "year": 2023,
        "count": 1,
        "description": "",
        "firstSeen": "2023-01-01",
        "starId": 90582,
        "area": "schoolzone"
      }
    },
    {
      "type": "Feature",
      "geometry": {
        "type": "Point",
        "coordinates": [
          4.758705496788025,
          52.62359412137636
        ]
      },
      "properties": {
        "date": "2023-01-01",
        "severity": "materieel",
        "year": 2023,
        "count": 1,
        "description": "",
        "firstSeen": "2023-01-01",
        "starId": 91552,
        "area": "schoolzone"
      }
    },
    {
      "type": "Feature",
      "geometry": {
        "type": "Point",
        "coordinates": [
          4.772626161575317,
          52.66307719190979
        ]
      },
      "properties": {
        "date": "2023-01-01",
        "severity": "materieel",
        "year": 2023,
        "count": 1,
        "description": "",
        "firstSeen": "2023-01-01",
        "starId": 93731,
        "area": "schoolzone"
      }
    },
    {
      "type": "Feature",
      "geometry": {
        "type": "Point",
        "coordinates": [
          4.773119688034058,
          52.66392310005389
        ]
      },
      "properties": {
        "date": "2023-01-01",
        "severity": "materieel",
        "year": 2023,
        "count": 1,
        "description": "",
        "firstSeen": "2023-01-01",
        "starId": 93798,
        "area": "schoolzone"
      }
    },
    {
      "type": "Feature",
      "geometry": {
        "type": "Point",
        "coordinates": [
          4.773623943328857,
          52.664772245223986
        ]
      },
      "properties": {
        "date": "2023-01-01",
        "severity": "materieel",
        "year": 2023,
        "count": 2,
        "description": "",
        "firstSeen": "2023-01-01",
        "starId": 93882,
        "area": "schoolzone"
      }
    },
    {
      "type": "Feature",
      "geometry": {
        "type": "Point",
        "coordinates": [
          4.7737956047058105,
          52.665097583829464
        ]
      },
      "properties": {
        "date": "2023-01-01",
        "severity": "materieel",
        "year": 2023,
        "count": 3,
        "description": "",
        "firstSeen": "2023-01-01",
        "starId": 93909,
        "area": "schoolzone"
      }
    },
    {
      "type": "Feature",
      "geometry": {
        "type": "Point",
        "coordinates": [
          4.774133563041687,
          52.66558233385885
        ]
      },
      "properties": {
        "date": "2023-01-01",
        "severity": "materieel",
        "year": 2023,
        "count": 2,
        "description": "",
        "firstSeen": "2023-01-01",
        "starId": 93959,
        "area": "schoolzone"
      }
    },
    {
      "type": "Feature",
      "geometry": {
        "type": "Point",
        "coordinates": [
          4.772985577583313,
          52.62996004301877
        ]
      },
      "properties": {
        "date": "2023-01-01",
        "severity": "materieel",
        "year": 2023,
        "count": 1,
        "description": "",
        "firstSeen": "2023-01-01",
        "starId": 93712,
        "area": "schoolzone"
      }
    },
    {
      "type": "Feature",
      "geometry": {
        "type": "Point",
        "coordinates": [
          4.7748953104019165,
          52.63706077899553
        ]
      },
      "properties": {
        "date": "2023-01-01",
        "severity": "letsel",
        "year": 2023,
        "count": 1,
        "description": "",
        "firstSeen": "2023-01-01",
        "starId": 94014,
        "area": "schoolzone"
      }
    },
    {
      "type": "Feature",
      "geometry": {
        "type": "Point",
        "coordinates": [
          4.776778221130371,
          52.629224183299954
        ]
      },
      "properties": {
        "date": "2023-01-01",
        "severity": "letsel",
        "year": 2023,
        "count": 1,
        "description": "",
        "firstSeen": "2023-01-01",
        "starId": 94324,
        "area": "schoolzone"
      }
    },
    {
      "type": "Feature",
      "geometry": {
        "type": "Point",
        "coordinates": [
          4.848167896270752,
          52.57915994734532
        ]
      },
      "properties": {
        "date": "2023-01-01",
        "severity": "letsel",
        "year": 2023,
        "count": 1,
        "description": "",
        "firstSeen": "2023-01-01",
        "starId": 104416,
        "area": "schoolzone"
      }
    },
    {
      "type": "Feature",
      "geometry": {
        "type": "Point",
        "coordinates": [
          4.84846293926239,
          52.55175956068308
        ]
      },
      "properties": {
        "date": "2023-01-01",
        "severity": "materieel",
        "year": 2023,
        "count": 1,
        "description": "",
        "firstSeen": "2023-01-01",
        "starId": 104406,
        "area": "schoolzone"
      }
    },
    {
      "type": "Feature",
      "geometry": {
        "type": "Point",
        "coordinates": [
          4.892944693565369,
          52.60050296867007
        ]
      },
      "properties": {
        "date": "2023-01-01",
        "severity": "letsel",
        "year": 2023,
        "count": 1,
        "description": "",
        "firstSeen": "2023-01-01",
        "starId": 111057,
        "area": "schoolzone"
      }
    },
    {
      "type": "Feature",
      "geometry": {
        "type": "Point",
        "coordinates": [
          4.723724126815796,
          52.64121780478547
        ]
      },
      "properties": {
        "date": "2022-01-01",
        "severity": "materieel",
        "year": 2022,
        "count": 1,
        "description": "",
        "firstSeen": "2022-01-01",
        "starId": 86605,
        "area": "schoolzone"
      }
    },
    {
      "type": "Feature",
      "geometry": {
        "type": "Point",
        "coordinates": [
          4.724196195602417,
          52.64199252394485
        ]
      },
      "properties": {
        "date": "2022-01-01",
        "severity": "letsel",
        "year": 2022,
        "count": 2,
        "description": "",
        "firstSeen": "2022-01-01",
        "starId": 86672,
        "area": "schoolzone"
      }
    },
    {
      "type": "Feature",
      "geometry": {
        "type": "Point",
        "coordinates": [
          4.7212135791778564,
          52.63208289640258
        ]
      },
      "properties": {
        "date": "2022-01-01",
        "severity": "materieel",
        "year": 2022,
        "count": 1,
        "description": "",
        "firstSeen": "2022-01-01",
        "starId": 86312,
        "area": "schoolzone"
      }
    },
    {
      "type": "Feature",
      "geometry": {
        "type": "Point",
        "coordinates": [
          4.72161591053009,
          52.63193963959887
        ]
      },
      "properties": {
        "date": "2022-01-01",
        "severity": "letsel",
        "year": 2022,
        "count": 1,
        "description": "",
        "firstSeen": "2022-01-01",
        "starId": 86357,
        "area": "schoolzone"
      }
    },
    {
      "type": "Feature",
      "geometry": {
        "type": "Point",
        "coordinates": [
          4.72187340259552,
          52.6365236246823
        ]
      },
      "properties": {
        "date": "2022-01-01",
        "severity": "letsel",
        "year": 2022,
        "count": 2,
        "description": "",
        "firstSeen": "2022-01-01",
        "starId": 86394,
        "area": "schoolzone"
      }
    },
    {
      "type": "Feature",
      "geometry": {
        "type": "Point",
        "coordinates": [
          4.723799228668213,
          52.63123311622897
        ]
      },
      "properties": {
        "date": "2022-01-01",
        "severity": "materieel",
        "year": 2022,
        "count": 1,
        "description": "",
        "firstSeen": "2022-01-01",
        "starId": 86596,
        "area": "schoolzone"
      }
    },
    {
      "type": "Feature",
      "geometry": {
        "type": "Point",
        "coordinates": [
          4.723842144012451,
          52.63108008892692
        ]
      },
      "properties": {
        "date": "2022-01-01",
        "severity": "letsel",
        "year": 2022,
        "count": 1,
        "description": "",
        "firstSeen": "2022-01-01",
        "starId": 86603,
        "area": "schoolzone"
      }
    },
    {
      "type": "Feature",
      "geometry": {
        "type": "Point",
        "coordinates": [
          4.724888205528259,
          52.632265222565366
        ]
      },
      "properties": {
        "date": "2022-01-01",
        "severity": "letsel",
        "year": 2022,
        "count": 1,
        "description": "",
        "firstSeen": "2022-01-01",
        "starId": 86736,
        "area": "schoolzone"
      }
    },
    {
      "type": "Feature",
      "geometry": {
        "type": "Point",
        "coordinates": [
          4.72562313079834,
          52.64037471246189
        ]
      },
      "properties": {
        "date": "2022-01-01",
        "severity": "materieel",
        "year": 2022,
        "count": 2,
        "description": "",
        "firstSeen": "2022-01-01",
        "starId": 86823,
        "area": "schoolzone"
      }
    },
    {
      "type": "Feature",
      "geometry": {
        "type": "Point",
        "coordinates": [
          4.725837707519531,
          52.628361323177614
        ]
      },
      "properties": {
        "date": "2022-01-01",
        "severity": "materieel",
        "year": 2022,
        "count": 1,
        "description": "",
        "firstSeen": "2022-01-01",
        "starId": 86828,
        "area": "schoolzone"
      }
    },
    {
      "type": "Feature",
      "geometry": {
        "type": "Point",
        "coordinates": [
          4.727522134780884,
          52.634120999213536
        ]
      },
      "properties": {
        "date": "2022-01-01",
        "severity": "letsel",
        "year": 2022,
        "count": 1,
        "description": "",
        "firstSeen": "2022-01-01",
        "starId": 87030,
        "area": "schoolzone"
      }
    },
    {
      "type": "Feature",
      "geometry": {
        "type": "Point",
        "coordinates": [
          4.728037118911743,
          52.635211638238815
        ]
      },
      "properties": {
        "date": "2022-01-01",
        "severity": "letsel",
        "year": 2022,
        "count": 1,
        "description": "",
        "firstSeen": "2022-01-01",
        "starId": 87114,
        "area": "schoolzone"
      }
    },
    {
      "type": "Feature",
      "geometry": {
        "type": "Point",
        "coordinates": [
          4.723343253135681,
          52.62611780723458
        ]
      },
      "properties": {
        "date": "2022-01-01",
        "severity": "letsel",
        "year": 2022,
        "count": 1,
        "description": "",
        "firstSeen": "2022-01-01",
        "starId": 86534,
        "area": "schoolzone"
      }
    },
    {
      "type": "Feature",
      "geometry": {
        "type": "Point",
        "coordinates": [
          4.728176593780518,
          52.625990812326705
        ]
      },
      "properties": {
        "date": "2022-01-01",
        "severity": "materieel",
        "year": 2022,
        "count": 1,
        "description": "",
        "firstSeen": "2022-01-01",
        "starId": 87112,
        "area": "schoolzone"
      }
    },
    {
      "type": "Feature",
      "geometry": {
        "type": "Point",
        "coordinates": [
          4.749473333358765,
          52.67495419515265
        ]
      },
      "properties": {
        "date": "2022-01-01",
        "severity": "materieel",
        "year": 2022,
        "count": 1,
        "description": "",
        "firstSeen": "2022-01-01",
        "starId": 90116,
        "area": "schoolzone"
      }
    },
    {
      "type": "Feature",
      "geometry": {
        "type": "Point",
        "coordinates": [
          4.745750427246094,
          52.659296433104686
        ]
      },
      "properties": {
        "date": "2022-01-01",
        "severity": "materieel",
        "year": 2022,
        "count": 1,
        "description": "",
        "firstSeen": "2022-01-01",
        "starId": 89514,
        "area": "schoolzone"
      }
    },
    {
      "type": "Feature",
      "geometry": {
        "type": "Point",
        "coordinates": [
          4.730896353721619,
          52.64172560544776
        ]
      },
      "properties": {
        "date": "2022-01-01",
        "severity": "letsel",
        "year": 2022,
        "count": 2,
        "description": "",
        "firstSeen": "2022-01-01",
        "starId": 87492,
        "area": "schoolzone"
      }
    },
    {
      "type": "Feature",
      "geometry": {
        "type": "Point",
        "coordinates": [
          4.734168648719788,
          52.64309924179818
        ]
      },
      "properties": {
        "date": "2022-01-01",
        "severity": "materieel",
        "year": 2022,
        "count": 1,
        "description": "",
        "firstSeen": "2022-01-01",
        "starId": 87875,
        "area": "schoolzone"
      }
    },
    {
      "type": "Feature",
      "geometry": {
        "type": "Point",
        "coordinates": [
          4.738433361053467,
          52.649306107935956
        ]
      },
      "properties": {
        "date": "2022-01-01",
        "severity": "letsel",
        "year": 2022,
        "count": 1,
        "description": "",
        "firstSeen": "2022-01-01",
        "starId": 88368,
        "area": "schoolzone"
      }
    },
    {
      "type": "Feature",
      "geometry": {
        "type": "Point",
        "coordinates": [
          4.7387391328811646,
          52.64964132523792
        ]
      },
      "properties": {
        "date": "2022-01-01",
        "severity": "letsel",
        "year": 2022,
        "count": 1,
        "description": "",
        "firstSeen": "2022-01-01",
        "starId": 88417,
        "area": "schoolzone"
      }
    },
    {
      "type": "Feature",
      "geometry": {
        "type": "Point",
        "coordinates": [
          4.740316271781921,
          52.64884070489697
        ]
      },
      "properties": {
        "date": "2022-01-01",
        "severity": "letsel",
        "year": 2022,
        "count": 1,
        "description": "",
        "firstSeen": "2022-01-01",
        "starId": 88661,
        "area": "schoolzone"
      }
    },
    {
      "type": "Feature",
      "geometry": {
        "type": "Point",
        "coordinates": [
          4.748030304908752,
          52.64704088289284
        ]
      },
      "properties": {
        "date": "2022-01-01",
        "severity": "materieel",
        "year": 2022,
        "count": 1,
        "description": "",
        "firstSeen": "2022-01-01",
        "starId": 89833,
        "area": "schoolzone"
      }
    },
    {
      "type": "Feature",
      "geometry": {
        "type": "Point",
        "coordinates": [
          4.748443365097046,
          52.64709621306346
        ]
      },
      "properties": {
        "date": "2022-01-01",
        "severity": "letsel",
        "year": 2022,
        "count": 1,
        "description": "",
        "firstSeen": "2022-01-01",
        "starId": 89896,
        "area": "schoolzone"
      }
    },
    {
      "type": "Feature",
      "geometry": {
        "type": "Point",
        "coordinates": [
          4.748765230178833,
          52.64729475015832
        ]
      },
      "properties": {
        "date": "2022-01-01",
        "severity": "dodelijk",
        "year": 2022,
        "count": 2,
        "description": "",
        "firstSeen": "2022-01-01",
        "starId": 89954,
        "area": "schoolzone"
      }
    },
    {
      "type": "Feature",
      "geometry": {
        "type": "Point",
        "coordinates": [
          4.748942255973816,
          52.64731427834846
        ]
      },
      "properties": {
        "date": "2022-01-01",
        "severity": "materieel",
        "year": 2022,
        "count": 1,
        "description": "",
        "firstSeen": "2022-01-01",
        "starId": 89980,
        "area": "schoolzone"
      }
    },
    {
      "type": "Feature",
      "geometry": {
        "type": "Point",
        "coordinates": [
          4.749940037727356,
          52.64151402255493
        ]
      },
      "properties": {
        "date": "2022-01-01",
        "severity": "letsel",
        "year": 2022,
        "count": 1,
        "description": "",
        "firstSeen": "2022-01-01",
        "starId": 90113,
        "area": "schoolzone"
      }
    },
    {
      "type": "Feature",
      "geometry": {
        "type": "Point",
        "coordinates": [
          4.731234312057495,
          52.6358236864385
        ]
      },
      "properties": {
        "date": "2022-01-01",
        "severity": "materieel",
        "year": 2022,
        "count": 1,
        "description": "",
        "firstSeen": "2022-01-01",
        "starId": 87526,
        "area": "schoolzone"
      }
    },
    {
      "type": "Feature",
      "geometry": {
        "type": "Point",
        "coordinates": [
          4.733889698982239,
          52.63997106405259
        ]
      },
      "properties": {
        "date": "2022-01-01",
        "severity": "materieel",
        "year": 2022,
        "count": 1,
        "description": "",
        "firstSeen": "2022-01-01",
        "starId": 87845,
        "area": "schoolzone"
      }
    },
    {
      "type": "Feature",
      "geometry": {
        "type": "Point",
        "coordinates": [
          4.735375642776489,
          52.63424471485811
        ]
      },
      "properties": {
        "date": "2022-01-01",
        "severity": "materieel",
        "year": 2022,
        "count": 1,
        "description": "",
        "firstSeen": "2022-01-01",
        "starId": 87988,
        "area": "schoolzone"
      }
    },
    {
      "type": "Feature",
      "geometry": {
        "type": "Point",
        "coordinates": [
          4.738261699676514,
          52.63593111954765
        ]
      },
      "properties": {
        "date": "2022-01-01",
        "severity": "materieel",
        "year": 2022,
        "count": 1,
        "description": "",
        "firstSeen": "2022-01-01",
        "starId": 88329,
        "area": "schoolzone"
      }
    },
    {
      "type": "Feature",
      "geometry": {
        "type": "Point",
        "coordinates": [
          4.738910794258118,
          52.634137277607806
        ]
      },
      "properties": {
        "date": "2022-01-01",
        "severity": "materieel",
        "year": 2022,
        "count": 2,
        "description": "",
        "firstSeen": "2022-01-01",
        "starId": 88409,
        "area": "schoolzone"
      }
    },
    {
      "type": "Feature",
      "geometry": {
        "type": "Point",
        "coordinates": [
          4.739125370979309,
          52.63346660274817
        ]
      },
      "properties": {
        "date": "2022-01-01",
        "severity": "materieel",
        "year": 2022,
        "count": 1,
        "description": "",
        "firstSeen": "2022-01-01",
        "starId": 88439,
        "area": "schoolzone"
      }
    },
    {
      "type": "Feature",
      "geometry": {
        "type": "Point",
        "coordinates": [
          4.739506244659424,
          52.63292940430472
        ]
      },
      "properties": {
        "date": "2022-01-01",
        "severity": "materieel",
        "year": 2022,
        "count": 1,
        "description": "",
        "firstSeen": "2022-01-01",
        "starId": 88502,
        "area": "schoolzone"
      }
    },
    {
      "type": "Feature",
      "geometry": {
        "type": "Point",
        "coordinates": [
          4.739634990692139,
          52.635032579965724
        ]
      },
      "properties": {
        "date": "2022-01-01",
        "severity": "materieel",
        "year": 2022,
        "count": 1,
        "description": "",
        "firstSeen": "2022-01-01",
        "starId": 88522,
        "area": "schoolzone"
      }
    },
    {
      "type": "Feature",
      "geometry": {
        "type": "Point",
        "coordinates": [
          4.739693999290466,
          52.634996768223175
        ]
      },
      "properties": {
        "date": "2022-01-01",
        "severity": "materieel",
        "year": 2022,
        "count": 1,
        "description": "",
        "firstSeen": "2022-01-01",
        "starId": 88529,
        "area": "schoolzone"
      }
    },
    {
      "type": "Feature",
      "geometry": {
        "type": "Point",
        "coordinates": [
          4.740251898765564,
          52.632213129453504
        ]
      },
      "properties": {
        "date": "2022-01-01",
        "severity": "letsel",
        "year": 2022,
        "count": 1,
        "description": "",
        "firstSeen": "2022-01-01",
        "starId": 88608,
        "area": "schoolzone"
      }
    },
    {
      "type": "Feature",
      "geometry": {
        "type": "Point",
        "coordinates": [
          4.740557670593262,
          52.62773940212375
        ]
      },
      "properties": {
        "date": "2022-01-01",
        "severity": "materieel",
        "year": 2022,
        "count": 1,
        "description": "",
        "firstSeen": "2022-01-01",
        "starId": 88643,
        "area": "schoolzone"
      }
    },
    {
      "type": "Feature",
      "geometry": {
        "type": "Point",
        "coordinates": [
          4.740745425224304,
          52.6279282586662
        ]
      },
      "properties": {
        "date": "2022-01-01",
        "severity": "materieel",
        "year": 2022,
        "count": 1,
        "description": "",
        "firstSeen": "2022-01-01",
        "starId": 88678,
        "area": "schoolzone"
      }
    },
    {
      "type": "Feature",
      "geometry": {
        "type": "Point",
        "coordinates": [
          4.740723967552185,
          52.630256337021734
        ]
      },
      "properties": {
        "date": "2022-01-01",
        "severity": "letsel",
        "year": 2022,
        "count": 1,
        "description": "",
        "firstSeen": "2022-01-01",
        "starId": 88683,
        "area": "schoolzone"
      }
    },
    {
      "type": "Feature",
      "geometry": {
        "type": "Point",
        "coordinates": [
          4.741550087928772,
          52.63427076021239
        ]
      },
      "properties": {
        "date": "2022-01-01",
        "severity": "letsel",
        "year": 2022,
        "count": 2,
        "description": "",
        "firstSeen": "2022-01-01",
        "starId": 88808,
        "area": "schoolzone"
      }
    },
    {
      "type": "Feature",
      "geometry": {
        "type": "Point",
        "coordinates": [
          4.741764664649963,
          52.629012539939055
        ]
      },
      "properties": {
        "date": "2022-01-01",
        "severity": "materieel",
        "year": 2022,
        "count": 1,
        "description": "",
        "firstSeen": "2022-01-01",
        "starId": 88828,
        "area": "schoolzone"
      }
    },
    {
      "type": "Feature",
      "geometry": {
        "type": "Point",
        "coordinates": [
          4.741818308830261,
          52.62717933999875
        ]
      },
      "properties": {
        "date": "2022-01-01",
        "severity": "materieel",
        "year": 2022,
        "count": 1,
        "description": "",
        "firstSeen": "2022-01-01",
        "starId": 88833,
        "area": "schoolzone"
      }
    },
    {
      "type": "Feature",
      "geometry": {
        "type": "Point",
        "coordinates": [
          4.742445945739746,
          52.629816779264786
        ]
      },
      "properties": {
        "date": "2022-01-01",
        "severity": "materieel",
        "year": 2022,
        "count": 1,
        "description": "",
        "firstSeen": "2022-01-01",
        "starId": 88923,
        "area": "schoolzone"
      }
    },
    {
      "type": "Feature",
      "geometry": {
        "type": "Point",
        "coordinates": [
          4.746571183204651,
          52.627465884306986
        ]
      },
      "properties": {
        "date": "2022-01-01",
        "severity": "letsel",
        "year": 2022,
        "count": 1,
        "description": "",
        "firstSeen": "2022-01-01",
        "starId": 89563,
        "area": "schoolzone"
      }
    },
    {
      "type": "Feature",
      "geometry": {
        "type": "Point",
        "coordinates": [
          4.746909141540527,
          52.62944559372036
        ]
      },
      "properties": {
        "date": "2022-01-01",
        "severity": "letsel",
        "year": 2022,
        "count": 1,
        "description": "",
        "firstSeen": "2022-01-01",
        "starId": 89624,
        "area": "schoolzone"
      }
    },
    {
      "type": "Feature",
      "geometry": {
        "type": "Point",
        "coordinates": [
          4.748041033744812,
          52.62891160197569
        ]
      },
      "properties": {
        "date": "2022-01-01",
        "severity": "materieel",
        "year": 2022,
        "count": 1,
        "description": "",
        "firstSeen": "2022-01-01",
        "starId": 89795,
        "area": "schoolzone"
      }
    },
    {
      "type": "Feature",
      "geometry": {
        "type": "Point",
        "coordinates": [
          4.743127226829529,
          52.617390120225366
        ]
      },
      "properties": {
        "date": "2022-01-01",
        "severity": "materieel",
        "year": 2022,
        "count": 1,
        "description": "",
        "firstSeen": "2022-01-01",
        "starId": 88992,
        "area": "schoolzone"
      }
    },
    {
      "type": "Feature",
      "geometry": {
        "type": "Point",
        "coordinates": [
          4.743218421936035,
          52.61747154325727
        ]
      },
      "properties": {
        "date": "2022-01-01",
        "severity": "materieel",
        "year": 2022,
        "count": 1,
        "description": "",
        "firstSeen": "2022-01-01",
        "starId": 88999,
        "area": "schoolzone"
      }
    },
    {
      "type": "Feature",
      "geometry": {
        "type": "Point",
        "coordinates": [
          4.743824601173401,
          52.617214245959644
        ]
      },
      "properties": {
        "date": "2022-01-01",
        "severity": "materieel",
        "year": 2022,
        "count": 1,
        "description": "",
        "firstSeen": "2022-01-01",
        "starId": 89100,
        "area": "schoolzone"
      }
    },
    {
      "type": "Feature",
      "geometry": {
        "type": "Point",
        "coordinates": [
          4.744988679885864,
          52.618604936135625
        ]
      },
      "properties": {
        "date": "2022-01-01",
        "severity": "materieel",
        "year": 2022,
        "count": 1,
        "description": "",
        "firstSeen": "2022-01-01",
        "starId": 89287,
        "area": "schoolzone"
      }
    },
    {
      "type": "Feature",
      "geometry": {
        "type": "Point",
        "coordinates": [
          4.74635124206543,
          52.621363387559114
        ]
      },
      "properties": {
        "date": "2022-01-01",
        "severity": "letsel",
        "year": 2022,
        "count": 2,
        "description": "",
        "firstSeen": "2022-01-01",
        "starId": 89519,
        "area": "schoolzone"
      }
    },
    {
      "type": "Feature",
      "geometry": {
        "type": "Point",
        "coordinates": [
          4.746608734130859,
          52.62392627931493
        ]
      },
      "properties": {
        "date": "2022-01-01",
        "severity": "materieel",
        "year": 2022,
        "count": 1,
        "description": "",
        "firstSeen": "2022-01-01",
        "starId": 89561,
        "area": "schoolzone"
      }
    },
    {
      "type": "Feature",
      "geometry": {
        "type": "Point",
        "coordinates": [
          4.746919870376587,
          52.61962431328598
        ]
      },
      "properties": {
        "date": "2022-01-01",
        "severity": "materieel",
        "year": 2022,
        "count": 1,
        "description": "",
        "firstSeen": "2022-01-01",
        "starId": 89608,
        "area": "schoolzone"
      }
    },
    {
      "type": "Feature",
      "geometry": {
        "type": "Point",
        "coordinates": [
          4.747547507286072,
          52.620119337716375
        ]
      },
      "properties": {
        "date": "2022-01-01",
        "severity": "letsel",
        "year": 2022,
        "count": 4,
        "description": "",
        "firstSeen": "2022-01-01",
        "starId": 89702,
        "area": "schoolzone"
      }
    },
    {
      "type": "Feature",
      "geometry": {
        "type": "Point",
        "coordinates": [
          4.747649431228638,
          52.62033753749691
        ]
      },
      "properties": {
        "date": "2022-01-01",
        "severity": "materieel",
        "year": 2022,
        "count": 1,
        "description": "",
        "firstSeen": "2022-01-01",
        "starId": 89723,
        "area": "schoolzone"
      }
    },
    {
      "type": "Feature",
      "geometry": {
        "type": "Point",
        "coordinates": [
          4.747826457023621,
          52.62032776738076
        ]
      },
      "properties": {
        "date": "2022-01-01",
        "severity": "letsel",
        "year": 2022,
        "count": 2,
        "description": "",
        "firstSeen": "2022-01-01",
        "starId": 89744,
        "area": "schoolzone"
      }
    },
    {
      "type": "Feature",
      "geometry": {
        "type": "Point",
        "coordinates": [
          4.74884033203125,
          52.62156529807302
        ]
      },
      "properties": {
        "date": "2022-01-01",
        "severity": "materieel",
        "year": 2022,
        "count": 1,
        "description": "",
        "firstSeen": "2022-01-01",
        "starId": 89902,
        "area": "schoolzone"
      }
    },
    {
      "type": "Feature",
      "geometry": {
        "type": "Point",
        "coordinates": [
          4.749795198440552,
          52.61899249765733
        ]
      },
      "properties": {
        "date": "2022-01-01",
        "severity": "materieel",
        "year": 2022,
        "count": 1,
        "description": "",
        "firstSeen": "2022-01-01",
        "starId": 90039,
        "area": "schoolzone"
      }
    },
    {
      "type": "Feature",
      "geometry": {
        "type": "Point",
        "coordinates": [
          4.750009775161743,
          52.617214245959644
        ]
      },
      "properties": {
        "date": "2022-01-01",
        "severity": "letsel",
        "year": 2022,
        "count": 1,
        "description": "",
        "firstSeen": "2022-01-01",
        "starId": 90067,
        "area": "schoolzone"
      }
    },
    {
      "type": "Feature",
      "geometry": {
        "type": "Point",
        "coordinates": [
          4.7503745555877686,
          52.617771178710626
        ]
      },
      "properties": {
        "date": "2022-01-01",
        "severity": "letsel",
        "year": 2022,
        "count": 1,
        "description": "",
        "firstSeen": "2022-01-01",
        "starId": 90127,
        "area": "schoolzone"
      }
    },
    {
      "type": "Feature",
      "geometry": {
        "type": "Point",
        "coordinates": [
          4.7507017850875854,
          52.67278463030922
        ]
      },
      "properties": {
        "date": "2022-01-01",
        "severity": "materieel",
        "year": 2022,
        "count": 1,
        "description": "",
        "firstSeen": "2022-01-01",
        "starId": 90312,
        "area": "schoolzone"
      }
    },
    {
      "type": "Feature",
      "geometry": {
        "type": "Point",
        "coordinates": [
          4.76530909538269,
          52.669534960596195
        ]
      },
      "properties": {
        "date": "2022-01-01",
        "severity": "letsel",
        "year": 2022,
        "count": 1,
        "description": "",
        "firstSeen": "2022-01-01",
        "starId": 92635,
        "area": "schoolzone"
      }
    },
    {
      "type": "Feature",
      "geometry": {
        "type": "Point",
        "coordinates": [
          4.766795039176941,
          52.67214057083169
        ]
      },
      "properties": {
        "date": "2022-01-01",
        "severity": "materieel",
        "year": 2022,
        "count": 1,
        "description": "",
        "firstSeen": "2022-01-01",
        "starId": 92867,
        "area": "schoolzone"
      }
    },
    {
      "type": "Feature",
      "geometry": {
        "type": "Point",
        "coordinates": [
          4.751189947128296,
          52.660223757916526
        ]
      },
      "properties": {
        "date": "2022-01-01",
        "severity": "materieel",
        "year": 2022,
        "count": 1,
        "description": "",
        "firstSeen": "2022-01-01",
        "starId": 90363,
        "area": "schoolzone"
      }
    },
    {
      "type": "Feature",
      "geometry": {
        "type": "Point",
        "coordinates": [
          4.755433201789856,
          52.65825845673615
        ]
      },
      "properties": {
        "date": "2022-01-01",
        "severity": "materieel",
        "year": 2022,
        "count": 1,
        "description": "",
        "firstSeen": "2022-01-01",
        "starId": 91088,
        "area": "schoolzone"
      }
    },
    {
      "type": "Feature",
      "geometry": {
        "type": "Point",
        "coordinates": [
          4.75658655166626,
          52.65809576228099
        ]
      },
      "properties": {
        "date": "2022-01-01",
        "severity": "materieel",
        "year": 2022,
        "count": 1,
        "description": "",
        "firstSeen": "2022-01-01",
        "starId": 91278,
        "area": "schoolzone"
      }
    },
    {
      "type": "Feature",
      "geometry": {
        "type": "Point",
        "coordinates": [
          4.757503867149353,
          52.65924111837134
        ]
      },
      "properties": {
        "date": "2022-01-01",
        "severity": "materieel",
        "year": 2022,
        "count": 1,
        "description": "",
        "firstSeen": "2022-01-01",
        "starId": 91446,
        "area": "schoolzone"
      }
    },
    {
      "type": "Feature",
      "geometry": {
        "type": "Point",
        "coordinates": [
          4.7578364610672,
          52.66594670618002
        ]
      },
      "properties": {
        "date": "2022-01-01",
        "severity": "materieel",
        "year": 2022,
        "count": 1,
        "description": "",
        "firstSeen": "2022-01-01",
        "starId": 91507,
        "area": "schoolzone"
      }
    },
    {
      "type": "Feature",
      "geometry": {
        "type": "Point",
        "coordinates": [
          4.758887887001038,
          52.65440568943643
        ]
      },
      "properties": {
        "date": "2022-01-01",
        "severity": "materieel",
        "year": 2022,
        "count": 1,
        "description": "",
        "firstSeen": "2022-01-01",
        "starId": 91634,
        "area": "schoolzone"
      }
    },
    {
      "type": "Feature",
      "geometry": {
        "type": "Point",
        "coordinates": [
          4.75907564163208,
          52.654727851062205
        ]
      },
      "properties": {
        "date": "2022-01-01",
        "severity": "materieel",
        "year": 2022,
        "count": 1,
        "description": "",
        "firstSeen": "2022-01-01",
        "starId": 91664,
        "area": "schoolzone"
      }
    },
    {
      "type": "Feature",
      "geometry": {
        "type": "Point",
        "coordinates": [
          4.759349226951599,
          52.6572725190544
        ]
      },
      "properties": {
        "date": "2022-01-01",
        "severity": "materieel",
        "year": 2022,
        "count": 1,
        "description": "",
        "firstSeen": "2022-01-01",
        "starId": 91705,
        "area": "schoolzone"
      }
    },
    {
      "type": "Feature",
      "geometry": {
        "type": "Point",
        "coordinates": [
          4.760352373123169,
          52.66037017582531
        ]
      },
      "properties": {
        "date": "2022-01-01",
        "severity": "materieel",
        "year": 2022,
        "count": 1,
        "description": "",
        "firstSeen": "2022-01-01",
        "starId": 91849,
        "area": "schoolzone"
      }
    },
    {
      "type": "Feature",
      "geometry": {
        "type": "Point",
        "coordinates": [
          4.763168692588806,
          52.65788751249488
        ]
      },
      "properties": {
        "date": "2022-01-01",
        "severity": "letsel",
        "year": 2022,
        "count": 2,
        "description": "",
        "firstSeen": "2022-01-01",
        "starId": 92232,
        "area": "schoolzone"
      }
    },
    {
      "type": "Feature",
      "geometry": {
        "type": "Point",
        "coordinates": [
          4.763286709785461,
          52.65801441482637
        ]
      },
      "properties": {
        "date": "2022-01-01",
        "severity": "materieel",
        "year": 2022,
        "count": 1,
        "description": "",
        "firstSeen": "2022-01-01",
        "starId": 92248,
        "area": "schoolzone"
      }
    },
    {
      "type": "Feature",
      "geometry": {
        "type": "Point",
        "coordinates": [
          4.763377904891968,
          52.66584910674905
        ]
      },
      "properties": {
        "date": "2022-01-01",
        "severity": "materieel",
        "year": 2022,
        "count": 1,
        "description": "",
        "firstSeen": "2022-01-01",
        "starId": 92280,
        "area": "schoolzone"
      }
    },
    {
      "type": "Feature",
      "geometry": {
        "type": "Point",
        "coordinates": [
          4.764112830162048,
          52.65908818903847
        ]
      },
      "properties": {
        "date": "2022-01-01",
        "severity": "materieel",
        "year": 2022,
        "count": 1,
        "description": "",
        "firstSeen": "2022-01-01",
        "starId": 92405,
        "area": "schoolzone"
      }
    },
    {
      "type": "Feature",
      "geometry": {
        "type": "Point",
        "coordinates": [
          4.7661566734313965,
          52.65454236435548
        ]
      },
      "properties": {
        "date": "2022-01-01",
        "severity": "materieel",
        "year": 2022,
        "count": 1,
        "description": "",
        "firstSeen": "2022-01-01",
        "starId": 92728,
        "area": "schoolzone"
      }
    },
    {
      "type": "Feature",
      "geometry": {
        "type": "Point",
        "coordinates": [
          4.767111539840698,
          52.65376461328074
        ]
      },
      "properties": {
        "date": "2022-01-01",
        "severity": "materieel",
        "year": 2022,
        "count": 1,
        "description": "",
        "firstSeen": "2022-01-01",
        "starId": 92875,
        "area": "schoolzone"
      }
    },
    {
      "type": "Feature",
      "geometry": {
        "type": "Point",
        "coordinates": [
          4.767916202545166,
          52.66494792837173
        ]
      },
      "properties": {
        "date": "2022-01-01",
        "severity": "materieel",
        "year": 2022,
        "count": 1,
        "description": "",
        "firstSeen": "2022-01-01",
        "starId": 93011,
        "area": "schoolzone"
      }
    },
    {
      "type": "Feature",
      "geometry": {
        "type": "Point",
        "coordinates": [
          4.76805567741394,
          52.663285416972
        ]
      },
      "properties": {
        "date": "2022-01-01",
        "severity": "materieel",
        "year": 2022,
        "count": 1,
        "description": "",
        "firstSeen": "2022-01-01",
        "starId": 93028,
        "area": "schoolzone"
      }
    },
    {
      "type": "Feature",
      "geometry": {
        "type": "Point",
        "coordinates": [
          4.7683775424957275,
          52.655407962253975
        ]
      },
      "properties": {
        "date": "2022-01-01",
        "severity": "materieel",
        "year": 2022,
        "count": 1,
        "description": "",
        "firstSeen": "2022-01-01",
        "starId": 93048,
        "area": "schoolzone"
      }
    },
    {
      "type": "Feature",
      "geometry": {
        "type": "Point",
        "coordinates": [
          4.7685706615448,
          52.6562247325252
        ]
      },
      "properties": {
        "date": "2022-01-01",
        "severity": "materieel",
        "year": 2022,
        "count": 3,
        "description": "",
        "firstSeen": "2022-01-01",
        "starId": 93078,
        "area": "schoolzone"
      }
    },
    {
      "type": "Feature",
      "geometry": {
        "type": "Point",
        "coordinates": [
          4.768731594085693,
          52.65650457859036
        ]
      },
      "properties": {
        "date": "2022-01-01",
        "severity": "letsel",
        "year": 2022,
        "count": 1,
        "description": "",
        "firstSeen": "2022-01-01",
        "starId": 93106,
        "area": "schoolzone"
      }
    },
    {
      "type": "Feature",
      "geometry": {
        "type": "Point",
        "coordinates": [
          4.768838882446289,
          52.656172667943366
        ]
      },
      "properties": {
        "date": "2022-01-01",
        "severity": "materieel",
        "year": 2022,
        "count": 2,
        "description": "",
        "firstSeen": "2022-01-01",
        "starId": 93118,
        "area": "schoolzone"
      }
    },
    {
      "type": "Feature",
      "geometry": {
        "type": "Point",
        "coordinates": [
          4.768881797790527,
          52.656237748661
        ]
      },
      "properties": {
        "date": "2022-01-01",
        "severity": "materieel",
        "year": 2022,
        "count": 1,
        "description": "",
        "firstSeen": "2022-01-01",
        "starId": 93126,
        "area": "schoolzone"
      }
    },
    {
      "type": "Feature",
      "geometry": {
        "type": "Point",
        "coordinates": [
          4.769369959831238,
          52.657100059023065
        ]
      },
      "properties": {
        "date": "2022-01-01",
        "severity": "materieel",
        "year": 2022,
        "count": 1,
        "description": "",
        "firstSeen": "2022-01-01",
        "starId": 93187,
        "area": "schoolzone"
      }
    },
    {
      "type": "Feature",
      "geometry": {
        "type": "Point",
        "coordinates": [
          4.769482612609863,
          52.6649576885259
        ]
      },
      "properties": {
        "date": "2022-01-01",
        "severity": "materieel",
        "year": 2022,
        "count": 1,
        "description": "",
        "firstSeen": "2022-01-01",
        "starId": 93230,
        "area": "schoolzone"
      }
    },
    {
      "type": "Feature",
      "geometry": {
        "type": "Point",
        "coordinates": [
          4.769638180732727,
          52.658001399219614
        ]
      },
      "properties": {
        "date": "2022-01-01",
        "severity": "letsel",
        "year": 2022,
        "count": 1,
        "description": "",
        "firstSeen": "2022-01-01",
        "starId": 93239,
        "area": "schoolzone"
      }
    },
    {
      "type": "Feature",
      "geometry": {
        "type": "Point",
        "coordinates": [
          4.770013689994812,
          52.66410529351123
        ]
      },
      "properties": {
        "date": "2022-01-01",
        "severity": "materieel",
        "year": 2022,
        "count": 1,
        "description": "",
        "firstSeen": "2022-01-01",
        "starId": 93314,
        "area": "schoolzone"
      }
    },
    {
      "type": "Feature",
      "geometry": {
        "type": "Point",
        "coordinates": [
          4.771161675453186,
          52.66556932050548
        ]
      },
      "properties": {
        "date": "2022-01-01",
        "severity": "materieel",
        "year": 2022,
        "count": 1,
        "description": "",
        "firstSeen": "2022-01-01",
        "starId": 93482,
        "area": "schoolzone"
      }
    },
    {
      "type": "Feature",
      "geometry": {
        "type": "Point",
        "coordinates": [
          4.7714996337890625,
          52.665686440546324
        ]
      },
      "properties": {
        "date": "2022-01-01",
        "severity": "letsel",
        "year": 2022,
        "count": 1,
        "description": "",
        "firstSeen": "2022-01-01",
        "starId": 93561,
        "area": "schoolzone"
      }
    },
    {
      "type": "Feature",
      "geometry": {
        "type": "Point",
        "coordinates": [
          4.771939516067505,
          52.655128109169056
        ]
      },
      "properties": {
        "date": "2022-01-01",
        "severity": "letsel",
        "year": 2022,
        "count": 2,
        "description": "",
        "firstSeen": "2022-01-01",
        "starId": 93602,
        "area": "schoolzone"
      }
    },
    {
      "type": "Feature",
      "geometry": {
        "type": "Point",
        "coordinates": [
          4.7525739669799805,
          52.64745097543533
        ]
      },
      "properties": {
        "date": "2022-01-01",
        "severity": "materieel",
        "year": 2022,
        "count": 1,
        "description": "",
        "firstSeen": "2022-01-01",
        "starId": 90545,
        "area": "schoolzone"
      }
    },
    {
      "type": "Feature",
      "geometry": {
        "type": "Point",
        "coordinates": [
          4.752708077430725,
          52.64956321658167
        ]
      },
      "properties": {
        "date": "2022-01-01",
        "severity": "letsel",
        "year": 2022,
        "count": 1,
        "description": "",
        "firstSeen": "2022-01-01",
        "starId": 90578,
        "area": "schoolzone"
      }
    },
    {
      "type": "Feature",
      "geometry": {
        "type": "Point",
        "coordinates": [
          4.753276705741882,
          52.64781549891134
        ]
      },
      "properties": {
        "date": "2022-01-01",
        "severity": "materieel",
        "year": 2022,
        "count": 3,
        "description": "",
        "firstSeen": "2022-01-01",
        "starId": 90669,
        "area": "schoolzone"
      }
    },
    {
      "type": "Feature",
      "geometry": {
        "type": "Point",
        "coordinates": [
          4.75432813167572,
          52.64251659088953
        ]
      },
      "properties": {
        "date": "2022-01-01",
        "severity": "materieel",
        "year": 2022,
        "count": 1,
        "description": "",
        "firstSeen": "2022-01-01",
        "starId": 90819,
        "area": "schoolzone"
      }
    },
    {
      "type": "Feature",
      "geometry": {
        "type": "Point",
        "coordinates": [
          4.754456877708435,
          52.64408224417272
        ]
      },
      "properties": {
        "date": "2022-01-01",
        "severity": "materieel",
        "year": 2022,
        "count": 1,
        "description": "",
        "firstSeen": "2022-01-01",
        "starId": 90854,
        "area": "schoolzone"
      }
    },
    {
      "type": "Feature",
      "geometry": {
        "type": "Point",
        "coordinates": [
          4.755567312240601,
          52.641706074762055
        ]
      },
      "properties": {
        "date": "2022-01-01",
        "severity": "letsel",
        "year": 2022,
        "count": 2,
        "description": "",
        "firstSeen": "2022-01-01",
        "starId": 91071,
        "area": "schoolzone"
      }
    },
    {
      "type": "Feature",
      "geometry": {
        "type": "Point",
        "coordinates": [
          4.758426547050476,
          52.653396885152034
        ]
      },
      "properties": {
        "date": "2022-01-01",
        "severity": "letsel",
        "year": 2022,
        "count": 2,
        "description": "",
        "firstSeen": "2022-01-01",
        "starId": 91581,
        "area": "schoolzone"
      }
    },
    {
      "type": "Feature",
      "geometry": {
        "type": "Point",
        "coordinates": [
          4.759005904197693,
          52.65322766408909
        ]
      },
      "properties": {
        "date": "2022-01-01",
        "severity": "letsel",
        "year": 2022,
        "count": 2,
        "description": "",
        "firstSeen": "2022-01-01",
        "starId": 91651,
        "area": "schoolzone"
      }
    },
    {
      "type": "Feature",
      "geometry": {
        "type": "Point",
        "coordinates": [
          4.759177565574646,
          52.65361491901754
        ]
      },
      "properties": {
        "date": "2022-01-01",
        "severity": "letsel",
        "year": 2022,
        "count": 1,
        "description": "",
        "firstSeen": "2022-01-01",
        "starId": 91677,
        "area": "schoolzone"
      }
    },
    {
      "type": "Feature",
      "geometry": {
        "type": "Point",
        "coordinates": [
          4.7628843784332275,
          52.642337562515195
        ]
      },
      "properties": {
        "date": "2022-01-01",
        "severity": "letsel",
        "year": 2022,
        "count": 3,
        "description": "",
        "firstSeen": "2022-01-01",
        "starId": 92165,
        "area": "schoolzone"
      }
    },
    {
      "type": "Feature",
      "geometry": {
        "type": "Point",
        "coordinates": [
          4.762975573539734,
          52.642383133443644
        ]
      },
      "properties": {
        "date": "2022-01-01",
        "severity": "letsel",
        "year": 2022,
        "count": 1,
        "description": "",
        "firstSeen": "2022-01-01",
        "starId": 92175,
        "area": "schoolzone"
      }
    },
    {
      "type": "Feature",
      "geometry": {
        "type": "Point",
        "coordinates": [
          4.763270616531372,
          52.642331052378694
        ]
      },
      "properties": {
        "date": "2022-01-01",
        "severity": "materieel",
        "year": 2022,
        "count": 1,
        "description": "",
        "firstSeen": "2022-01-01",
        "starId": 92211,
        "area": "schoolzone"
      }
    },
    {
      "type": "Feature",
      "geometry": {
        "type": "Point",
        "coordinates": [
          4.763388633728027,
          52.642376623313936
        ]
      },
      "properties": {
        "date": "2022-01-01",
        "severity": "materieel",
        "year": 2022,
        "count": 1,
        "description": "",
        "firstSeen": "2022-01-01",
        "starId": 92231,
        "area": "schoolzone"
      }
    },
    {
      "type": "Feature",
      "geometry": {
        "type": "Point",
        "coordinates": [
          4.763453006744385,
          52.64199903413174
        ]
      },
      "properties": {
        "date": "2022-01-01",
        "severity": "materieel",
        "year": 2022,
        "count": 1,
        "description": "",
        "firstSeen": "2022-01-01",
        "starId": 92238,
        "area": "schoolzone"
      }
    },
    {
      "type": "Feature",
      "geometry": {
        "type": "Point",
        "coordinates": [
          4.764021635055542,
          52.64355819598751
        ]
      },
      "properties": {
        "date": "2022-01-01",
        "severity": "materieel",
        "year": 2022,
        "count": 1,
        "description": "",
        "firstSeen": "2022-01-01",
        "starId": 92341,
        "area": "schoolzone"
      }
    },
    {
      "type": "Feature",
      "geometry": {
        "type": "Point",
        "coordinates": [
          4.764531254768372,
          52.65250195864212
        ]
      },
      "properties": {
        "date": "2022-01-01",
        "severity": "materieel",
        "year": 2022,
        "count": 1,
        "description": "",
        "firstSeen": "2022-01-01",
        "starId": 92461,
        "area": "schoolzone"
      }
    },
    {
      "type": "Feature",
      "geometry": {
        "type": "Point",
        "coordinates": [
          4.766129851341248,
          52.65206913306724
        ]
      },
      "properties": {
        "date": "2022-01-01",
        "severity": "materieel",
        "year": 2022,
        "count": 3,
        "description": "",
        "firstSeen": "2022-01-01",
        "starId": 92718,
        "area": "schoolzone"
      }
    },
    {
      "type": "Feature",
      "geometry": {
        "type": "Point",
        "coordinates": [
          4.766623377799988,
          52.65291850853279
        ]
      },
      "properties": {
        "date": "2022-01-01",
        "severity": "materieel",
        "year": 2022,
        "count": 1,
        "description": "",
        "firstSeen": "2022-01-01",
        "starId": 92797,
        "area": "schoolzone"
      }
    },
    {
      "type": "Feature",
      "geometry": {
        "type": "Point",
        "coordinates": [
          4.766800403594971,
          52.64335638693723
        ]
      },
      "properties": {
        "date": "2022-01-01",
        "severity": "materieel",
        "year": 2022,
        "count": 1,
        "description": "",
        "firstSeen": "2022-01-01",
        "starId": 92808,
        "area": "schoolzone"
      }
    },
    {
      "type": "Feature",
      "geometry": {
        "type": "Point",
        "coordinates": [
          4.766784310340881,
          52.6446485997476
        ]
      },
      "properties": {
        "date": "2022-01-01",
        "severity": "materieel",
        "year": 2022,
        "count": 1,
        "description": "",
        "firstSeen": "2022-01-01",
        "starId": 92809,
        "area": "schoolzone"
      }
    },
    {
      "type": "Feature",
      "geometry": {
        "type": "Point",
        "coordinates": [
          4.767261743545532,
          52.64424824570446
        ]
      },
      "properties": {
        "date": "2022-01-01",
        "severity": "materieel",
        "year": 2022,
        "count": 1,
        "description": "",
        "firstSeen": "2022-01-01",
        "starId": 92880,
        "area": "schoolzone"
      }
    },
    {
      "type": "Feature",
      "geometry": {
        "type": "Point",
        "coordinates": [
          4.767519235610962,
          52.64083369524019
        ]
      },
      "properties": {
        "date": "2022-01-01",
        "severity": "letsel",
        "year": 2022,
        "count": 1,
        "description": "",
        "firstSeen": "2022-01-01",
        "starId": 92915,
        "area": "schoolzone"
      }
    },
    {
      "type": "Feature",
      "geometry": {
        "type": "Point",
        "coordinates": [
          4.764584898948669,
          52.63701845798599
        ]
      },
      "properties": {
        "date": "2022-01-01",
        "severity": "letsel",
        "year": 2022,
        "count": 1,
        "description": "",
        "firstSeen": "2022-01-01",
        "starId": 92431,
        "area": "schoolzone"
      }
    },
    {
      "type": "Feature",
      "geometry": {
        "type": "Point",
        "coordinates": [
          4.752933382987976,
          52.61532192444042
        ]
      },
      "properties": {
        "date": "2022-01-01",
        "severity": "materieel",
        "year": 2022,
        "count": 1,
        "description": "",
        "firstSeen": "2022-01-01",
        "starId": 90524,
        "area": "schoolzone"
      }
    },
    {
      "type": "Feature",
      "geometry": {
        "type": "Point",
        "coordinates": [
          4.758812785148621,
          52.62539165189327
        ]
      },
      "properties": {
        "date": "2022-01-01",
        "severity": "materieel",
        "year": 2022,
        "count": 1,
        "description": "",
        "firstSeen": "2022-01-01",
        "starId": 91576,
        "area": "schoolzone"
      }
    },
    {
      "type": "Feature",
      "geometry": {
        "type": "Point",
        "coordinates": [
          4.758882522583008,
          52.62356155673692
        ]
      },
      "properties": {
        "date": "2022-01-01",
        "severity": "materieel",
        "year": 2022,
        "count": 1,
        "description": "",
        "firstSeen": "2022-01-01",
        "starId": 91585,
        "area": "schoolzone"
      }
    },
    {
      "type": "Feature",
      "geometry": {
        "type": "Point",
        "coordinates": [
          4.772910475730896,
          52.66302513548925
        ]
      },
      "properties": {
        "date": "2022-01-01",
        "severity": "materieel",
        "year": 2022,
        "count": 1,
        "description": "",
        "firstSeen": "2022-01-01",
        "starId": 93769,
        "area": "schoolzone"
      }
    },
    {
      "type": "Feature",
      "geometry": {
        "type": "Point",
        "coordinates": [
          4.7737956047058105,
          52.665097583829464
        ]
      },
      "properties": {
        "date": "2022-01-01",
        "severity": "materieel",
        "year": 2022,
        "count": 1,
        "description": "",
        "firstSeen": "2022-01-01",
        "starId": 93909,
        "area": "schoolzone"
      }
    },
    {
      "type": "Feature",
      "geometry": {
        "type": "Point",
        "coordinates": [
          4.773908257484436,
          52.66472019082235
        ]
      },
      "properties": {
        "date": "2022-01-01",
        "severity": "materieel",
        "year": 2022,
        "count": 1,
        "description": "",
        "firstSeen": "2022-01-01",
        "starId": 93929,
        "area": "schoolzone"
      }
    },
    {
      "type": "Feature",
      "geometry": {
        "type": "Point",
        "coordinates": [
          4.774079918861389,
          52.66503576968077
        ]
      },
      "properties": {
        "date": "2022-01-01",
        "severity": "materieel",
        "year": 2022,
        "count": 1,
        "description": "",
        "firstSeen": "2022-01-01",
        "starId": 93953,
        "area": "schoolzone"
      }
    },
    {
      "type": "Feature",
      "geometry": {
        "type": "Point",
        "coordinates": [
          4.773377180099487,
          52.631653124584346
        ]
      },
      "properties": {
        "date": "2022-01-01",
        "severity": "materieel",
        "year": 2022,
        "count": 1,
        "description": "",
        "firstSeen": "2022-01-01",
        "starId": 93773,
        "area": "schoolzone"
      }
    },
    {
      "type": "Feature",
      "geometry": {
        "type": "Point",
        "coordinates": [
          4.776778221130371,
          52.629224183299954
        ]
      },
      "properties": {
        "date": "2022-01-01",
        "severity": "materieel",
        "year": 2022,
        "count": 1,
        "description": "",
        "firstSeen": "2022-01-01",
        "starId": 94324,
        "area": "schoolzone"
      }
    },
    {
      "type": "Feature",
      "geometry": {
        "type": "Point",
        "coordinates": [
          4.848141074180603,
          52.55613668440424
        ]
      },
      "properties": {
        "date": "2022-01-01",
        "severity": "letsel",
        "year": 2022,
        "count": 1,
        "description": "",
        "firstSeen": "2022-01-01",
        "starId": 104363,
        "area": "schoolzone"
      }
    },
    {
      "type": "Feature",
      "geometry": {
        "type": "Point",
        "coordinates": [
          4.890342950820923,
          52.600841818131016
        ]
      },
      "properties": {
        "date": "2022-01-01",
        "severity": "materieel",
        "year": 2022,
        "count": 1,
        "description": "",
        "firstSeen": "2022-01-01",
        "starId": 110748,
        "area": "schoolzone"
      }
    },
    {
      "type": "Feature",
      "geometry": {
        "type": "Point",
        "coordinates": [
          4.723531007766724,
          52.641152701710126
        ]
      },
      "properties": {
        "date": "2021-01-01",
        "severity": "materieel",
        "year": 2021,
        "count": 1,
        "description": "",
        "firstSeen": "2021-01-01",
        "starId": 86585,
        "area": "schoolzone"
      }
    },
    {
      "type": "Feature",
      "geometry": {
        "type": "Point",
        "coordinates": [
          4.723981618881226,
          52.6417581565712
        ]
      },
      "properties": {
        "date": "2021-01-01",
        "severity": "materieel",
        "year": 2021,
        "count": 1,
        "description": "",
        "firstSeen": "2021-01-01",
        "starId": 86645,
        "area": "schoolzone"
      }
    },
    {
      "type": "Feature",
      "geometry": {
        "type": "Point",
        "coordinates": [
          4.724078178405762,
          52.64203809523278
        ]
      },
      "properties": {
        "date": "2021-01-01",
        "severity": "materieel",
        "year": 2021,
        "count": 1,
        "description": "",
        "firstSeen": "2021-01-01",
        "starId": 86658,
        "area": "schoolzone"
      }
    },
    {
      "type": "Feature",
      "geometry": {
        "type": "Point",
        "coordinates": [
          4.725902080535889,
          52.64068070151586
        ]
      },
      "properties": {
        "date": "2021-01-01",
        "severity": "materieel",
        "year": 2021,
        "count": 1,
        "description": "",
        "firstSeen": "2021-01-01",
        "starId": 86859,
        "area": "schoolzone"
      }
    },
    {
      "type": "Feature",
      "geometry": {
        "type": "Point",
        "coordinates": [
          4.720398187637329,
          52.63234661792842
        ]
      },
      "properties": {
        "date": "2021-01-01",
        "severity": "materieel",
        "year": 2021,
        "count": 2,
        "description": "",
        "firstSeen": "2021-01-01",
        "starId": 86217,
        "area": "schoolzone"
      }
    },
    {
      "type": "Feature",
      "geometry": {
        "type": "Point",
        "coordinates": [
          4.720757603645325,
          52.63590833072834
        ]
      },
      "properties": {
        "date": "2021-01-01",
        "severity": "letsel",
        "year": 2021,
        "count": 1,
        "description": "",
        "firstSeen": "2021-01-01",
        "starId": 86270,
        "area": "schoolzone"
      }
    },
    {
      "type": "Feature",
      "geometry": {
        "type": "Point",
        "coordinates": [
          4.7212135791778564,
          52.63208289640258
        ]
      },
      "properties": {
        "date": "2021-01-01",
        "severity": "materieel",
        "year": 2021,
        "count": 1,
        "description": "",
        "firstSeen": "2021-01-01",
        "starId": 86312,
        "area": "schoolzone"
      }
    },
    {
      "type": "Feature",
      "geometry": {
        "type": "Point",
        "coordinates": [
          4.721449613571167,
          52.63233359468049
        ]
      },
      "properties": {
        "date": "2021-01-01",
        "severity": "letsel",
        "year": 2021,
        "count": 1,
        "description": "",
        "firstSeen": "2021-01-01",
        "starId": 86338,
        "area": "schoolzone"
      }
    },
    {
      "type": "Feature",
      "geometry": {
        "type": "Point",
        "coordinates": [
          4.72212553024292,
          52.63651711368047
        ]
      },
      "properties": {
        "date": "2021-01-01",
        "severity": "materieel",
        "year": 2021,
        "count": 1,
        "description": "",
        "firstSeen": "2021-01-01",
        "starId": 86430,
        "area": "schoolzone"
      }
    },
    {
      "type": "Feature",
      "geometry": {
        "type": "Point",
        "coordinates": [
          4.722146987915039,
          52.63964553842874
        ]
      },
      "properties": {
        "date": "2021-01-01",
        "severity": "materieel",
        "year": 2021,
        "count": 2,
        "description": "",
        "firstSeen": "2021-01-01",
        "starId": 86437,
        "area": "schoolzone"
      }
    },
    {
      "type": "Feature",
      "geometry": {
        "type": "Point",
        "coordinates": [
          4.723552465438843,
          52.62896695508121
        ]
      },
      "properties": {
        "date": "2021-01-01",
        "severity": "materieel",
        "year": 2021,
        "count": 1,
        "description": "",
        "firstSeen": "2021-01-01",
        "starId": 86559,
        "area": "schoolzone"
      }
    },
    {
      "type": "Feature",
      "geometry": {
        "type": "Point",
        "coordinates": [
          4.723842144012451,
          52.63108008892692
        ]
      },
      "properties": {
        "date": "2021-01-01",
        "severity": "letsel",
        "year": 2021,
        "count": 3,
        "description": "",
        "firstSeen": "2021-01-01",
        "starId": 86603,
        "area": "schoolzone"
      }
    },
    {
      "type": "Feature",
      "geometry": {
        "type": "Point",
        "coordinates": [
          4.723965525627136,
          52.62790872182029
        ]
      },
      "properties": {
        "date": "2021-01-01",
        "severity": "letsel",
        "year": 2021,
        "count": 1,
        "description": "",
        "firstSeen": "2021-01-01",
        "starId": 86611,
        "area": "schoolzone"
      }
    },
    {
      "type": "Feature",
      "geometry": {
        "type": "Point",
        "coordinates": [
          4.724501967430115,
          52.63632503869053
        ]
      },
      "properties": {
        "date": "2021-01-01",
        "severity": "letsel",
        "year": 2021,
        "count": 1,
        "description": "",
        "firstSeen": "2021-01-01",
        "starId": 86701,
        "area": "schoolzone"
      }
    },
    {
      "type": "Feature",
      "geometry": {
        "type": "Point",
        "coordinates": [
          4.72562313079834,
          52.64037471246189
        ]
      },
      "properties": {
        "date": "2021-01-01",
        "severity": "letsel",
        "year": 2021,
        "count": 2,
        "description": "",
        "firstSeen": "2021-01-01",
        "starId": 86823,
        "area": "schoolzone"
      }
    },
    {
      "type": "Feature",
      "geometry": {
        "type": "Point",
        "coordinates": [
          4.727784991264343,
          52.634114487854106
        ]
      },
      "properties": {
        "date": "2021-01-01",
        "severity": "letsel",
        "year": 2021,
        "count": 1,
        "description": "",
        "firstSeen": "2021-01-01",
        "starId": 87075,
        "area": "schoolzone"
      }
    },
    {
      "type": "Feature",
      "geometry": {
        "type": "Point",
        "coordinates": [
          4.723321795463562,
          52.625479572687766
        ]
      },
      "properties": {
        "date": "2021-01-01",
        "severity": "materieel",
        "year": 2021,
        "count": 1,
        "description": "",
        "firstSeen": "2021-01-01",
        "starId": 86530,
        "area": "schoolzone"
      }
    },
    {
      "type": "Feature",
      "geometry": {
        "type": "Point",
        "coordinates": [
          4.749473333358765,
          52.67495419515265
        ]
      },
      "properties": {
        "date": "2021-01-01",
        "severity": "letsel",
        "year": 2021,
        "count": 1,
        "description": "",
        "firstSeen": "2021-01-01",
        "starId": 90116,
        "area": "schoolzone"
      }
    },
    {
      "type": "Feature",
      "geometry": {
        "type": "Point",
        "coordinates": [
          4.738433361053467,
          52.649306107935956
        ]
      },
      "properties": {
        "date": "2021-01-01",
        "severity": "materieel",
        "year": 2021,
        "count": 1,
        "description": "",
        "firstSeen": "2021-01-01",
        "starId": 88368,
        "area": "schoolzone"
      }
    },
    {
      "type": "Feature",
      "geometry": {
        "type": "Point",
        "coordinates": [
          4.744210839271545,
          52.65160375943606
        ]
      },
      "properties": {
        "date": "2021-01-01",
        "severity": "materieel",
        "year": 2021,
        "count": 1,
        "description": "",
        "firstSeen": "2021-01-01",
        "starId": 89239,
        "area": "schoolzone"
      }
    },
    {
      "type": "Feature",
      "geometry": {
        "type": "Point",
        "coordinates": [
          4.748765230178833,
          52.64729475015832
        ]
      },
      "properties": {
        "date": "2021-01-01",
        "severity": "materieel",
        "year": 2021,
        "count": 1,
        "description": "",
        "firstSeen": "2021-01-01",
        "starId": 89954,
        "area": "schoolzone"
      }
    },
    {
      "type": "Feature",
      "geometry": {
        "type": "Point",
        "coordinates": [
          4.750031232833862,
          52.65358563094958
        ]
      },
      "properties": {
        "date": "2021-01-01",
        "severity": "materieel",
        "year": 2021,
        "count": 1,
        "description": "",
        "firstSeen": "2021-01-01",
        "starId": 90149,
        "area": "schoolzone"
      }
    },
    {
      "type": "Feature",
      "geometry": {
        "type": "Point",
        "coordinates": [
          4.730472564697266,
          52.63337218652978
        ]
      },
      "properties": {
        "date": "2021-01-01",
        "severity": "materieel",
        "year": 2021,
        "count": 1,
        "description": "",
        "firstSeen": "2021-01-01",
        "starId": 87430,
        "area": "schoolzone"
      }
    },
    {
      "type": "Feature",
      "geometry": {
        "type": "Point",
        "coordinates": [
          4.731234312057495,
          52.6358236864385
        ]
      },
      "properties": {
        "date": "2021-01-01",
        "severity": "materieel",
        "year": 2021,
        "count": 1,
        "description": "",
        "firstSeen": "2021-01-01",
        "starId": 87526,
        "area": "schoolzone"
      }
    },
    {
      "type": "Feature",
      "geometry": {
        "type": "Point",
        "coordinates": [
          4.7373175621032715,
          52.63590833072834
        ]
      },
      "properties": {
        "date": "2021-01-01",
        "severity": "letsel",
        "year": 2021,
        "count": 2,
        "description": "",
        "firstSeen": "2021-01-01",
        "starId": 88220,
        "area": "schoolzone"
      }
    },
    {
      "type": "Feature",
      "geometry": {
        "type": "Point",
        "coordinates": [
          4.7380417585372925,
          52.634996768223175
        ]
      },
      "properties": {
        "date": "2021-01-01",
        "severity": "materieel",
        "year": 2021,
        "count": 1,
        "description": "",
        "firstSeen": "2021-01-01",
        "starId": 88299,
        "area": "schoolzone"
      }
    },
    {
      "type": "Feature",
      "geometry": {
        "type": "Point",
        "coordinates": [
          4.73835825920105,
          52.63446935552895
        ]
      },
      "properties": {
        "date": "2021-01-01",
        "severity": "materieel",
        "year": 2021,
        "count": 1,
        "description": "",
        "firstSeen": "2021-01-01",
        "starId": 88335,
        "area": "schoolzone"
      }
    },
    {
      "type": "Feature",
      "geometry": {
        "type": "Point",
        "coordinates": [
          4.738653302192688,
          52.6354330183633
        ]
      },
      "properties": {
        "date": "2021-01-01",
        "severity": "letsel",
        "year": 2021,
        "count": 2,
        "description": "",
        "firstSeen": "2021-01-01",
        "starId": 88372,
        "area": "schoolzone"
      }
    },
    {
      "type": "Feature",
      "geometry": {
        "type": "Point",
        "coordinates": [
          4.73909854888916,
          52.633528461539385
        ]
      },
      "properties": {
        "date": "2021-01-01",
        "severity": "materieel",
        "year": 2021,
        "count": 1,
        "description": "",
        "firstSeen": "2021-01-01",
        "starId": 88432,
        "area": "schoolzone"
      }
    },
    {
      "type": "Feature",
      "geometry": {
        "type": "Point",
        "coordinates": [
          4.739173650741577,
          52.6352018714428
        ]
      },
      "properties": {
        "date": "2021-01-01",
        "severity": "letsel",
        "year": 2021,
        "count": 1,
        "description": "",
        "firstSeen": "2021-01-01",
        "starId": 88450,
        "area": "schoolzone"
      }
    },
    {
      "type": "Feature",
      "geometry": {
        "type": "Point",
        "coordinates": [
          4.739243388175964,
          52.634544235496236
        ]
      },
      "properties": {
        "date": "2021-01-01",
        "severity": "materieel",
        "year": 2021,
        "count": 1,
        "description": "",
        "firstSeen": "2021-01-01",
        "starId": 88458,
        "area": "schoolzone"
      }
    },
    {
      "type": "Feature",
      "geometry": {
        "type": "Point",
        "coordinates": [
          4.739366769790649,
          52.63125590748348
        ]
      },
      "properties": {
        "date": "2021-01-01",
        "severity": "materieel",
        "year": 2021,
        "count": 1,
        "description": "",
        "firstSeen": "2021-01-01",
        "starId": 88473,
        "area": "schoolzone"
      }
    },
    {
      "type": "Feature",
      "geometry": {
        "type": "Point",
        "coordinates": [
          4.73934531211853,
          52.6348437540839
        ]
      },
      "properties": {
        "date": "2021-01-01",
        "severity": "materieel",
        "year": 2021,
        "count": 1,
        "description": "",
        "firstSeen": "2021-01-01",
        "starId": 88482,
        "area": "schoolzone"
      }
    },
    {
      "type": "Feature",
      "geometry": {
        "type": "Point",
        "coordinates": [
          4.739506244659424,
          52.63292940430472
        ]
      },
      "properties": {
        "date": "2021-01-01",
        "severity": "materieel",
        "year": 2021,
        "count": 1,
        "description": "",
        "firstSeen": "2021-01-01",
        "starId": 88502,
        "area": "schoolzone"
      }
    },
    {
      "type": "Feature",
      "geometry": {
        "type": "Point",
        "coordinates": [
          4.739586710929871,
          52.634169834378184
        ]
      },
      "properties": {
        "date": "2021-01-01",
        "severity": "letsel",
        "year": 2021,
        "count": 1,
        "description": "",
        "firstSeen": "2021-01-01",
        "starId": 88514,
        "area": "schoolzone"
      }
    },
    {
      "type": "Feature",
      "geometry": {
        "type": "Point",
        "coordinates": [
          4.739785194396973,
          52.63490886654898
        ]
      },
      "properties": {
        "date": "2021-01-01",
        "severity": "letsel",
        "year": 2021,
        "count": 2,
        "description": "",
        "firstSeen": "2021-01-01",
        "starId": 88547,
        "area": "schoolzone"
      }
    },
    {
      "type": "Feature",
      "geometry": {
        "type": "Point",
        "coordinates": [
          4.740584492683411,
          52.62777521980652
        ]
      },
      "properties": {
        "date": "2021-01-01",
        "severity": "letsel",
        "year": 2021,
        "count": 1,
        "description": "",
        "firstSeen": "2021-01-01",
        "starId": 88649,
        "area": "schoolzone"
      }
    },
    {
      "type": "Feature",
      "geometry": {
        "type": "Point",
        "coordinates": [
          4.741002917289734,
          52.628442725802785
        ]
      },
      "properties": {
        "date": "2021-01-01",
        "severity": "materieel",
        "year": 2021,
        "count": 1,
        "description": "",
        "firstSeen": "2021-01-01",
        "starId": 88717,
        "area": "schoolzone"
      }
    },
    {
      "type": "Feature",
      "geometry": {
        "type": "Point",
        "coordinates": [
          4.741067290306091,
          52.62815618789065
        ]
      },
      "properties": {
        "date": "2021-01-01",
        "severity": "materieel",
        "year": 2021,
        "count": 1,
        "description": "",
        "firstSeen": "2021-01-01",
        "starId": 88723,
        "area": "schoolzone"
      }
    },
    {
      "type": "Feature",
      "geometry": {
        "type": "Point",
        "coordinates": [
          4.741619825363159,
          52.62869670102003
        ]
      },
      "properties": {
        "date": "2021-01-01",
        "severity": "materieel",
        "year": 2021,
        "count": 2,
        "description": "",
        "firstSeen": "2021-01-01",
        "starId": 88806,
        "area": "schoolzone"
      }
    },
    {
      "type": "Feature",
      "geometry": {
        "type": "Point",
        "coordinates": [
          4.741550087928772,
          52.63427076021239
        ]
      },
      "properties": {
        "date": "2021-01-01",
        "severity": "letsel",
        "year": 2021,
        "count": 3,
        "description": "",
        "firstSeen": "2021-01-01",
        "starId": 88808,
        "area": "schoolzone"
      }
    },
    {
      "type": "Feature",
      "geometry": {
        "type": "Point",
        "coordinates": [
          4.741625189781189,
          52.634189368428764
        ]
      },
      "properties": {
        "date": "2021-01-01",
        "severity": "materieel",
        "year": 2021,
        "count": 1,
        "description": "",
        "firstSeen": "2021-01-01",
        "starId": 88816,
        "area": "schoolzone"
      }
    },
    {
      "type": "Feature",
      "geometry": {
        "type": "Point",
        "coordinates": [
          4.74210798740387,
          52.63366194600138
        ]
      },
      "properties": {
        "date": "2021-01-01",
        "severity": "materieel",
        "year": 2021,
        "count": 1,
        "description": "",
        "firstSeen": "2021-01-01",
        "starId": 88887,
        "area": "schoolzone"
      }
    },
    {
      "type": "Feature",
      "geometry": {
        "type": "Point",
        "coordinates": [
          4.74233865737915,
          52.627023042312516
        ]
      },
      "properties": {
        "date": "2021-01-01",
        "severity": "materieel",
        "year": 2021,
        "count": 1,
        "description": "",
        "firstSeen": "2021-01-01",
        "starId": 88907,
        "area": "schoolzone"
      }
    },
    {
      "type": "Feature",
      "geometry": {
        "type": "Point",
        "coordinates": [
          4.744892120361328,
          52.630100050325154
        ]
      },
      "properties": {
        "date": "2021-01-01",
        "severity": "materieel",
        "year": 2021,
        "count": 1,
        "description": "",
        "firstSeen": "2021-01-01",
        "starId": 89298,
        "area": "schoolzone"
      }
    },
    {
      "type": "Feature",
      "geometry": {
        "type": "Point",
        "coordinates": [
          4.74634051322937,
          52.6289571868912
        ]
      },
      "properties": {
        "date": "2021-01-01",
        "severity": "materieel",
        "year": 2021,
        "count": 1,
        "description": "",
        "firstSeen": "2021-01-01",
        "starId": 89540,
        "area": "schoolzone"
      }
    },
    {
      "type": "Feature",
      "geometry": {
        "type": "Point",
        "coordinates": [
          4.747225642204285,
          52.62894416263447
        ]
      },
      "properties": {
        "date": "2021-01-01",
        "severity": "materieel",
        "year": 2021,
        "count": 1,
        "description": "",
        "firstSeen": "2021-01-01",
        "starId": 89680,
        "area": "schoolzone"
      }
    },
    {
      "type": "Feature",
      "geometry": {
        "type": "Point",
        "coordinates": [
          4.7473543882369995,
          52.6282180541896
        ]
      },
      "properties": {
        "date": "2021-01-01",
        "severity": "materieel",
        "year": 2021,
        "count": 1,
        "description": "",
        "firstSeen": "2021-01-01",
        "starId": 89689,
        "area": "schoolzone"
      }
    },
    {
      "type": "Feature",
      "geometry": {
        "type": "Point",
        "coordinates": [
          4.748979806900024,
          52.6282180541896
        ]
      },
      "properties": {
        "date": "2021-01-01",
        "severity": "materieel",
        "year": 2021,
        "count": 1,
        "description": "",
        "firstSeen": "2021-01-01",
        "starId": 89942,
        "area": "schoolzone"
      }
    },
    {
      "type": "Feature",
      "geometry": {
        "type": "Point",
        "coordinates": [
          4.7500258684158325,
          52.639707388483686
        ]
      },
      "properties": {
        "date": "2021-01-01",
        "severity": "materieel",
        "year": 2021,
        "count": 1,
        "description": "",
        "firstSeen": "2021-01-01",
        "starId": 90123,
        "area": "schoolzone"
      }
    },
    {
      "type": "Feature",
      "geometry": {
        "type": "Point",
        "coordinates": [
          4.737719893455505,
          52.619591745692986
        ]
      },
      "properties": {
        "date": "2021-01-01",
        "severity": "letsel",
        "year": 2021,
        "count": 1,
        "description": "",
        "firstSeen": "2021-01-01",
        "starId": 88234,
        "area": "schoolzone"
      }
    },
    {
      "type": "Feature",
      "geometry": {
        "type": "Point",
        "coordinates": [
          4.740552306175232,
          52.61994673114933
        ]
      },
      "properties": {
        "date": "2021-01-01",
        "severity": "materieel",
        "year": 2021,
        "count": 1,
        "description": "",
        "firstSeen": "2021-01-01",
        "starId": 88627,
        "area": "schoolzone"
      }
    },
    {
      "type": "Feature",
      "geometry": {
        "type": "Point",
        "coordinates": [
          4.742140173912048,
          52.61937354219489
        ]
      },
      "properties": {
        "date": "2021-01-01",
        "severity": "materieel",
        "year": 2021,
        "count": 2,
        "description": "",
        "firstSeen": "2021-01-01",
        "starId": 88855,
        "area": "schoolzone"
      }
    },
    {
      "type": "Feature",
      "geometry": {
        "type": "Point",
        "coordinates": [
          4.742188453674316,
          52.61720773208435
        ]
      },
      "properties": {
        "date": "2021-01-01",
        "severity": "letsel",
        "year": 2021,
        "count": 1,
        "description": "",
        "firstSeen": "2021-01-01",
        "starId": 88859,
        "area": "schoolzone"
      }
    },
    {
      "type": "Feature",
      "geometry": {
        "type": "Point",
        "coordinates": [
          4.7428107261657715,
          52.617057912685794
        ]
      },
      "properties": {
        "date": "2021-01-01",
        "severity": "materieel",
        "year": 2021,
        "count": 1,
        "description": "",
        "firstSeen": "2021-01-01",
        "starId": 88943,
        "area": "schoolzone"
      }
    },
    {
      "type": "Feature",
      "geometry": {
        "type": "Point",
        "coordinates": [
          4.742816090583801,
          52.626674626711264
        ]
      },
      "properties": {
        "date": "2021-01-01",
        "severity": "materieel",
        "year": 2021,
        "count": 1,
        "description": "",
        "firstSeen": "2021-01-01",
        "starId": 88965,
        "area": "schoolzone"
      }
    },
    {
      "type": "Feature",
      "geometry": {
        "type": "Point",
        "coordinates": [
          4.743218421936035,
          52.61747154325727
        ]
      },
      "properties": {
        "date": "2021-01-01",
        "severity": "materieel",
        "year": 2021,
        "count": 1,
        "description": "",
        "firstSeen": "2021-01-01",
        "starId": 88999,
        "area": "schoolzone"
      }
    },
    {
      "type": "Feature",
      "geometry": {
        "type": "Point",
        "coordinates": [
          4.743695855140686,
          52.61910322889051
        ]
      },
      "properties": {
        "date": "2021-01-01",
        "severity": "materieel",
        "year": 2021,
        "count": 1,
        "description": "",
        "firstSeen": "2021-01-01",
        "starId": 89079,
        "area": "schoolzone"
      }
    },
    {
      "type": "Feature",
      "geometry": {
        "type": "Point",
        "coordinates": [
          4.743824601173401,
          52.617214245959644
        ]
      },
      "properties": {
        "date": "2021-01-01",
        "severity": "materieel",
        "year": 2021,
        "count": 1,
        "description": "",
        "firstSeen": "2021-01-01",
        "starId": 89100,
        "area": "schoolzone"
      }
    },
    {
      "type": "Feature",
      "geometry": {
        "type": "Point",
        "coordinates": [
          4.744666814804077,
          52.618165261347514
        ]
      },
      "properties": {
        "date": "2021-01-01",
        "severity": "materieel",
        "year": 2021,
        "count": 1,
        "description": "",
        "firstSeen": "2021-01-01",
        "starId": 89231,
        "area": "schoolzone"
      }
    },
    {
      "type": "Feature",
      "geometry": {
        "type": "Point",
        "coordinates": [
          4.745278358459473,
          52.618767777529115
        ]
      },
      "properties": {
        "date": "2021-01-01",
        "severity": "letsel",
        "year": 2021,
        "count": 1,
        "description": "",
        "firstSeen": "2021-01-01",
        "starId": 89329,
        "area": "schoolzone"
      }
    },
    {
      "type": "Feature",
      "geometry": {
        "type": "Point",
        "coordinates": [
          4.745294451713562,
          52.61877754799346
        ]
      },
      "properties": {
        "date": "2021-01-01",
        "severity": "letsel",
        "year": 2021,
        "count": 1,
        "description": "",
        "firstSeen": "2021-01-01",
        "starId": 89332,
        "area": "schoolzone"
      }
    },
    {
      "type": "Feature",
      "geometry": {
        "type": "Point",
        "coordinates": [
          4.74583625793457,
          52.618969700015754
        ]
      },
      "properties": {
        "date": "2021-01-01",
        "severity": "materieel",
        "year": 2021,
        "count": 1,
        "description": "",
        "firstSeen": "2021-01-01",
        "starId": 89417,
        "area": "schoolzone"
      }
    },
    {
      "type": "Feature",
      "geometry": {
        "type": "Point",
        "coordinates": [
          4.746710658073425,
          52.61979366437899
        ]
      },
      "properties": {
        "date": "2021-01-01",
        "severity": "materieel",
        "year": 2021,
        "count": 1,
        "description": "",
        "firstSeen": "2021-01-01",
        "starId": 89569,
        "area": "schoolzone"
      }
    },
    {
      "type": "Feature",
      "geometry": {
        "type": "Point",
        "coordinates": [
          4.74683403968811,
          52.619676421384355
        ]
      },
      "properties": {
        "date": "2021-01-01",
        "severity": "letsel",
        "year": 2021,
        "count": 1,
        "description": "",
        "firstSeen": "2021-01-01",
        "starId": 89591,
        "area": "schoolzone"
      }
    },
    {
      "type": "Feature",
      "geometry": {
        "type": "Point",
        "coordinates": [
          4.747139811515808,
          52.620676233509215
        ]
      },
      "properties": {
        "date": "2021-01-01",
        "severity": "materieel",
        "year": 2021,
        "count": 1,
        "description": "",
        "firstSeen": "2021-01-01",
        "starId": 89646,
        "area": "schoolzone"
      }
    },
    {
      "type": "Feature",
      "geometry": {
        "type": "Point",
        "coordinates": [
          4.747225642204285,
          52.61982297507856
        ]
      },
      "properties": {
        "date": "2021-01-01",
        "severity": "materieel",
        "year": 2021,
        "count": 1,
        "description": "",
        "firstSeen": "2021-01-01",
        "starId": 89661,
        "area": "schoolzone"
      }
    },
    {
      "type": "Feature",
      "geometry": {
        "type": "Point",
        "coordinates": [
          4.747547507286072,
          52.620119337716375
        ]
      },
      "properties": {
        "date": "2021-01-01",
        "severity": "letsel",
        "year": 2021,
        "count": 3,
        "description": "",
        "firstSeen": "2021-01-01",
        "starId": 89702,
        "area": "schoolzone"
      }
    },
    {
      "type": "Feature",
      "geometry": {
        "type": "Point",
        "coordinates": [
          4.7485774755477905,
          52.61929863626568
        ]
      },
      "properties": {
        "date": "2021-01-01",
        "severity": "materieel",
        "year": 2021,
        "count": 1,
        "description": "",
        "firstSeen": "2021-01-01",
        "starId": 89856,
        "area": "schoolzone"
      }
    },
    {
      "type": "Feature",
      "geometry": {
        "type": "Point",
        "coordinates": [
          4.748722314834595,
          52.61947124538821
        ]
      },
      "properties": {
        "date": "2021-01-01",
        "severity": "materieel",
        "year": 2021,
        "count": 1,
        "description": "",
        "firstSeen": "2021-01-01",
        "starId": 89878,
        "area": "schoolzone"
      }
    },
    {
      "type": "Feature",
      "geometry": {
        "type": "Point",
        "coordinates": [
          4.748749136924744,
          52.624828303351734
        ]
      },
      "properties": {
        "date": "2021-01-01",
        "severity": "materieel",
        "year": 2021,
        "count": 1,
        "description": "",
        "firstSeen": "2021-01-01",
        "starId": 89891,
        "area": "schoolzone"
      }
    },
    {
      "type": "Feature",
      "geometry": {
        "type": "Point",
        "coordinates": [
          4.748915433883667,
          52.619454961537826
        ]
      },
      "properties": {
        "date": "2021-01-01",
        "severity": "letsel",
        "year": 2021,
        "count": 1,
        "description": "",
        "firstSeen": "2021-01-01",
        "starId": 89912,
        "area": "schoolzone"
      }
    },
    {
      "type": "Feature",
      "geometry": {
        "type": "Point",
        "coordinates": [
          4.749317765235901,
          52.619249784503666
        ]
      },
      "properties": {
        "date": "2021-01-01",
        "severity": "materieel",
        "year": 2021,
        "count": 1,
        "description": "",
        "firstSeen": "2021-01-01",
        "starId": 89969,
        "area": "schoolzone"
      }
    },
    {
      "type": "Feature",
      "geometry": {
        "type": "Point",
        "coordinates": [
          4.750009775161743,
          52.617214245959644
        ]
      },
      "properties": {
        "date": "2021-01-01",
        "severity": "materieel",
        "year": 2021,
        "count": 1,
        "description": "",
        "firstSeen": "2021-01-01",
        "starId": 90067,
        "area": "schoolzone"
      }
    },
    {
      "type": "Feature",
      "geometry": {
        "type": "Point",
        "coordinates": [
          4.750315546989441,
          52.62700024885331
        ]
      },
      "properties": {
        "date": "2021-01-01",
        "severity": "materieel",
        "year": 2021,
        "count": 1,
        "description": "",
        "firstSeen": "2021-01-01",
        "starId": 90138,
        "area": "schoolzone"
      }
    },
    {
      "type": "Feature",
      "geometry": {
        "type": "Point",
        "coordinates": [
          4.750546216964722,
          52.61709048216389
        ]
      },
      "properties": {
        "date": "2021-01-01",
        "severity": "materieel",
        "year": 2021,
        "count": 1,
        "description": "",
        "firstSeen": "2021-01-01",
        "starId": 90148,
        "area": "schoolzone"
      }
    },
    {
      "type": "Feature",
      "geometry": {
        "type": "Point",
        "coordinates": [
          4.7507017850875854,
          52.67278463030922
        ]
      },
      "properties": {
        "date": "2021-01-01",
        "severity": "materieel",
        "year": 2021,
        "count": 2,
        "description": "",
        "firstSeen": "2021-01-01",
        "starId": 90312,
        "area": "schoolzone"
      }
    },
    {
      "type": "Feature",
      "geometry": {
        "type": "Point",
        "coordinates": [
          4.7634583711624146,
          52.671899859296786
        ]
      },
      "properties": {
        "date": "2021-01-01",
        "severity": "materieel",
        "year": 2021,
        "count": 1,
        "description": "",
        "firstSeen": "2021-01-01",
        "starId": 92313,
        "area": "schoolzone"
      }
    },
    {
      "type": "Feature",
      "geometry": {
        "type": "Point",
        "coordinates": [
          4.7513347864151,
          52.65958602086019
        ]
      },
      "properties": {
        "date": "2021-01-01",
        "severity": "materieel",
        "year": 2021,
        "count": 1,
        "description": "",
        "firstSeen": "2021-01-01",
        "starId": 90390,
        "area": "schoolzone"
      }
    },
    {
      "type": "Feature",
      "geometry": {
        "type": "Point",
        "coordinates": [
          4.75209653377533,
          52.659159773048145
        ]
      },
      "properties": {
        "date": "2021-01-01",
        "severity": "materieel",
        "year": 2021,
        "count": 1,
        "description": "",
        "firstSeen": "2021-01-01",
        "starId": 90494,
        "area": "schoolzone"
      }
    },
    {
      "type": "Feature",
      "geometry": {
        "type": "Point",
        "coordinates": [
          4.754156470298767,
          52.65974545599656
        ]
      },
      "properties": {
        "date": "2021-01-01",
        "severity": "materieel",
        "year": 2021,
        "count": 1,
        "description": "",
        "firstSeen": "2021-01-01",
        "starId": 90838,
        "area": "schoolzone"
      }
    },
    {
      "type": "Feature",
      "geometry": {
        "type": "Point",
        "coordinates": [
          4.754918217658997,
          52.66023351912571
        ]
      },
      "properties": {
        "date": "2021-01-01",
        "severity": "materieel",
        "year": 2021,
        "count": 1,
        "description": "",
        "firstSeen": "2021-01-01",
        "starId": 90991,
        "area": "schoolzone"
      }
    },
    {
      "type": "Feature",
      "geometry": {
        "type": "Point",
        "coordinates": [
          4.75658655166626,
          52.65809576228099
        ]
      },
      "properties": {
        "date": "2021-01-01",
        "severity": "materieel",
        "year": 2021,
        "count": 2,
        "description": "",
        "firstSeen": "2021-01-01",
        "starId": 91278,
        "area": "schoolzone"
      }
    },
    {
      "type": "Feature",
      "geometry": {
        "type": "Point",
        "coordinates": [
          4.758743047714233,
          52.65423321809553
        ]
      },
      "properties": {
        "date": "2021-01-01",
        "severity": "materieel",
        "year": 2021,
        "count": 1,
        "description": "",
        "firstSeen": "2021-01-01",
        "starId": 91621,
        "area": "schoolzone"
      }
    },
    {
      "type": "Feature",
      "geometry": {
        "type": "Point",
        "coordinates": [
          4.758946895599365,
          52.65450331442224
        ]
      },
      "properties": {
        "date": "2021-01-01",
        "severity": "materieel",
        "year": 2021,
        "count": 1,
        "description": "",
        "firstSeen": "2021-01-01",
        "starId": 91645,
        "area": "schoolzone"
      }
    },
    {
      "type": "Feature",
      "geometry": {
        "type": "Point",
        "coordinates": [
          4.759032726287842,
          52.65543724910117
        ]
      },
      "properties": {
        "date": "2021-01-01",
        "severity": "materieel",
        "year": 2021,
        "count": 1,
        "description": "",
        "firstSeen": "2021-01-01",
        "starId": 91660,
        "area": "schoolzone"
      }
    },
    {
      "type": "Feature",
      "geometry": {
        "type": "Point",
        "coordinates": [
          4.760620594024658,
          52.66050683209767
        ]
      },
      "properties": {
        "date": "2021-01-01",
        "severity": "letsel",
        "year": 2021,
        "count": 1,
        "description": "",
        "firstSeen": "2021-01-01",
        "starId": 91886,
        "area": "schoolzone"
      }
    },
    {
      "type": "Feature",
      "geometry": {
        "type": "Point",
        "coordinates": [
          4.762101173400879,
          52.6634545991046
        ]
      },
      "properties": {
        "date": "2021-01-01",
        "severity": "materieel",
        "year": 2021,
        "count": 1,
        "description": "",
        "firstSeen": "2021-01-01",
        "starId": 92086,
        "area": "schoolzone"
      }
    },
    {
      "type": "Feature",
      "geometry": {
        "type": "Point",
        "coordinates": [
          4.765105247497559,
          52.658922243837964
        ]
      },
      "properties": {
        "date": "2021-01-01",
        "severity": "letsel",
        "year": 2021,
        "count": 1,
        "description": "",
        "firstSeen": "2021-01-01",
        "starId": 92583,
        "area": "schoolzone"
      }
    },
    {
      "type": "Feature",
      "geometry": {
        "type": "Point",
        "coordinates": [
          4.767932295799255,
          52.66494142160107
        ]
      },
      "properties": {
        "date": "2021-01-01",
        "severity": "materieel",
        "year": 2021,
        "count": 1,
        "description": "",
        "firstSeen": "2021-01-01",
        "starId": 93014,
        "area": "schoolzone"
      }
    },
    {
      "type": "Feature",
      "geometry": {
        "type": "Point",
        "coordinates": [
          4.768125414848328,
          52.655440503194086
        ]
      },
      "properties": {
        "date": "2021-01-01",
        "severity": "materieel",
        "year": 2021,
        "count": 1,
        "description": "",
        "firstSeen": "2021-01-01",
        "starId": 93022,
        "area": "schoolzone"
      }
    },
    {
      "type": "Feature",
      "geometry": {
        "type": "Point",
        "coordinates": [
          4.76806640625,
          52.664834059745374
        ]
      },
      "properties": {
        "date": "2021-01-01",
        "severity": "letsel",
        "year": 2021,
        "count": 1,
        "description": "",
        "firstSeen": "2021-01-01",
        "starId": 93030,
        "area": "schoolzone"
      }
    },
    {
      "type": "Feature",
      "geometry": {
        "type": "Point",
        "coordinates": [
          4.7682273387908936,
          52.65641997415494
        ]
      },
      "properties": {
        "date": "2021-01-01",
        "severity": "materieel",
        "year": 2021,
        "count": 1,
        "description": "",
        "firstSeen": "2021-01-01",
        "starId": 93035,
        "area": "schoolzone"
      }
    },
    {
      "type": "Feature",
      "geometry": {
        "type": "Point",
        "coordinates": [
          4.768629670143127,
          52.65633536955579
        ]
      },
      "properties": {
        "date": "2021-01-01",
        "severity": "materieel",
        "year": 2021,
        "count": 1,
        "description": "",
        "firstSeen": "2021-01-01",
        "starId": 93090,
        "area": "schoolzone"
      }
    },
    {
      "type": "Feature",
      "geometry": {
        "type": "Point",
        "coordinates": [
          4.768897891044617,
          52.65626378092091
        ]
      },
      "properties": {
        "date": "2021-01-01",
        "severity": "materieel",
        "year": 2021,
        "count": 1,
        "description": "",
        "firstSeen": "2021-01-01",
        "starId": 93129,
        "area": "schoolzone"
      }
    },
    {
      "type": "Feature",
      "geometry": {
        "type": "Point",
        "coordinates": [
          4.7689515352249146,
          52.66481128598451
        ]
      },
      "properties": {
        "date": "2021-01-01",
        "severity": "materieel",
        "year": 2021,
        "count": 1,
        "description": "",
        "firstSeen": "2021-01-01",
        "starId": 93142,
        "area": "schoolzone"
      }
    },
    {
      "type": "Feature",
      "geometry": {
        "type": "Point",
        "coordinates": [
          4.769734740257263,
          52.665029262923184
        ]
      },
      "properties": {
        "date": "2021-01-01",
        "severity": "materieel",
        "year": 2021,
        "count": 1,
        "description": "",
        "firstSeen": "2021-01-01",
        "starId": 93281,
        "area": "schoolzone"
      }
    },
    {
      "type": "Feature",
      "geometry": {
        "type": "Point",
        "coordinates": [
          4.770534038543701,
          52.66611262471247
        ]
      },
      "properties": {
        "date": "2021-01-01",
        "severity": "materieel",
        "year": 2021,
        "count": 1,
        "description": "",
        "firstSeen": "2021-01-01",
        "starId": 93383,
        "area": "schoolzone"
      }
    },
    {
      "type": "Feature",
      "geometry": {
        "type": "Point",
        "coordinates": [
          4.771456718444824,
          52.66559534720835
        ]
      },
      "properties": {
        "date": "2021-01-01",
        "severity": "materieel",
        "year": 2021,
        "count": 2,
        "description": "",
        "firstSeen": "2021-01-01",
        "starId": 93549,
        "area": "schoolzone"
      }
    },
    {
      "type": "Feature",
      "geometry": {
        "type": "Point",
        "coordinates": [
          4.752257466316223,
          52.64988541388945
        ]
      },
      "properties": {
        "date": "2021-01-01",
        "severity": "letsel",
        "year": 2021,
        "count": 1,
        "description": "",
        "firstSeen": "2021-01-01",
        "starId": 90498,
        "area": "schoolzone"
      }
    },
    {
      "type": "Feature",
      "geometry": {
        "type": "Point",
        "coordinates": [
          4.755567312240601,
          52.641706074762055
        ]
      },
      "properties": {
        "date": "2021-01-01",
        "severity": "letsel",
        "year": 2021,
        "count": 5,
        "description": "",
        "firstSeen": "2021-01-01",
        "starId": 91071,
        "area": "schoolzone"
      }
    },
    {
      "type": "Feature",
      "geometry": {
        "type": "Point",
        "coordinates": [
          4.7628843784332275,
          52.642337562515195
        ]
      },
      "properties": {
        "date": "2021-01-01",
        "severity": "letsel",
        "year": 2021,
        "count": 2,
        "description": "",
        "firstSeen": "2021-01-01",
        "starId": 92165,
        "area": "schoolzone"
      }
    },
    {
      "type": "Feature",
      "geometry": {
        "type": "Point",
        "coordinates": [
          4.764515161514282,
          52.643154576955766
        ]
      },
      "properties": {
        "date": "2021-01-01",
        "severity": "materieel",
        "year": 2021,
        "count": 1,
        "description": "",
        "firstSeen": "2021-01-01",
        "starId": 92433,
        "area": "schoolzone"
      }
    },
    {
      "type": "Feature",
      "geometry": {
        "type": "Point",
        "coordinates": [
          4.766129851341248,
          52.65206913306724
        ]
      },
      "properties": {
        "date": "2021-01-01",
        "severity": "materieel",
        "year": 2021,
        "count": 1,
        "description": "",
        "firstSeen": "2021-01-01",
        "starId": 92718,
        "area": "schoolzone"
      }
    },
    {
      "type": "Feature",
      "geometry": {
        "type": "Point",
        "coordinates": [
          4.766623377799988,
          52.65291850853279
        ]
      },
      "properties": {
        "date": "2021-01-01",
        "severity": "materieel",
        "year": 2021,
        "count": 1,
        "description": "",
        "firstSeen": "2021-01-01",
        "starId": 92797,
        "area": "schoolzone"
      }
    },
    {
      "type": "Feature",
      "geometry": {
        "type": "Point",
        "coordinates": [
          4.76732611656189,
          52.6430439065706
        ]
      },
      "properties": {
        "date": "2021-01-01",
        "severity": "letsel",
        "year": 2021,
        "count": 1,
        "description": "",
        "firstSeen": "2021-01-01",
        "starId": 92886,
        "area": "schoolzone"
      }
    },
    {
      "type": "Feature",
      "geometry": {
        "type": "Point",
        "coordinates": [
          4.750733971595764,
          52.61834113179265
        ]
      },
      "properties": {
        "date": "2021-01-01",
        "severity": "materieel",
        "year": 2021,
        "count": 1,
        "description": "",
        "firstSeen": "2021-01-01",
        "starId": 90194,
        "area": "schoolzone"
      }
    },
    {
      "type": "Feature",
      "geometry": {
        "type": "Point",
        "coordinates": [
          4.751565456390381,
          52.618165261347514
        ]
      },
      "properties": {
        "date": "2021-01-01",
        "severity": "letsel",
        "year": 2021,
        "count": 1,
        "description": "",
        "firstSeen": "2021-01-01",
        "starId": 90321,
        "area": "schoolzone"
      }
    },
    {
      "type": "Feature",
      "geometry": {
        "type": "Point",
        "coordinates": [
          4.753561019897461,
          52.625186502685864
        ]
      },
      "properties": {
        "date": "2021-01-01",
        "severity": "materieel",
        "year": 2021,
        "count": 1,
        "description": "",
        "firstSeen": "2021-01-01",
        "starId": 90660,
        "area": "schoolzone"
      }
    },
    {
      "type": "Feature",
      "geometry": {
        "type": "Point",
        "coordinates": [
          4.773623943328857,
          52.664772245223986
        ]
      },
      "properties": {
        "date": "2021-01-01",
        "severity": "materieel",
        "year": 2021,
        "count": 1,
        "description": "",
        "firstSeen": "2021-01-01",
        "starId": 93882,
        "area": "schoolzone"
      }
    },
    {
      "type": "Feature",
      "geometry": {
        "type": "Point",
        "coordinates": [
          4.774133563041687,
          52.66558233385885
        ]
      },
      "properties": {
        "date": "2021-01-01",
        "severity": "materieel",
        "year": 2021,
        "count": 1,
        "description": "",
        "firstSeen": "2021-01-01",
        "starId": 93959,
        "area": "schoolzone"
      }
    },
    {
      "type": "Feature",
      "geometry": {
        "type": "Point",
        "coordinates": [
          4.84846293926239,
          52.55175956068308
        ]
      },
      "properties": {
        "date": "2021-01-01",
        "severity": "materieel",
        "year": 2021,
        "count": 1,
        "description": "",
        "firstSeen": "2021-01-01",
        "starId": 104406,
        "area": "schoolzone"
      }
    }
  ]
}